7,0.010663000,00:00:00:00:00:08,00:00:00:00:00:2e
12,0.030130000,00:00:00:00:00:08,00:00:00:00:00:2e
34,0.202702000,00:00:00:00:00:08,00:00:00:00:00:2f
61,0.402052000,00:00:00:00:00:08,00:00:00:00:00:30
68,0.432406000,00:00:00:00:00:08,00:00:00:00:00:30
89,0.653317000,00:00:00:00:00:08,00:00:00:00:00:18
111,0.763217000,00:00:00:00:00:08,00:00:00:00:00:18
120,0.965403000,00:00:00:00:00:08,00:00:00:00:00:18
127,0.986431000,00:00:00:00:00:08,00:00:00:00:00:18
130,0.988435000,00:00:00:00:00:08,00:00:00:00:00:18
222,1.807812000,00:00:00:00:00:08,00:00:00:00:00:18
5037,39.534150000,00:00:00:00:00:08,00:00:00:00:00:2d
5059,39.573092000,00:00:00:00:00:08,00:00:00:00:00:2d
5116,39.775091000,00:00:00:00:00:08,00:00:00:00:00:18
5117,39.776728000,00:00:00:00:00:08,00:00:00:00:00:18
5118,39.778825000,00:00:00:00:00:08,00:00:00:00:00:18
5121,39.784777000,00:00:00:00:00:08,00:00:00:00:00:18
5122,39.789834000,00:00:00:00:00:08,00:00:00:00:00:18
5132,39.814107000,00:00:00:00:00:08,00:00:00:00:00:18
5134,39.817722000,00:00:00:00:00:08,00:00:00:00:00:18
5136,39.823577000,00:00:00:00:00:08,00:00:00:00:00:18
5137,39.830554000,00:00:00:00:00:08,00:00:00:00:00:18
5139,39.839450000,00:00:00:00:00:08,00:00:00:00:00:18
5148,39.851945000,00:00:00:00:00:08,00:00:00:00:00:18
5153,39.872811000,00:00:00:00:00:08,00:00:00:00:00:18
5155,39.878827000,00:00:00:00:00:08,00:00:00:00:00:18
5169,39.900723000,00:00:00:00:00:08,00:00:00:00:00:18
5171,39.915918000,00:00:00:00:00:08,00:00:00:00:00:18
5178,39.938159000,00:00:00:00:00:08,00:00:00:00:00:18
5181,39.953072000,00:00:00:00:00:08,00:00:00:00:00:18
5186,39.969958000,00:00:00:00:00:08,00:00:00:00:00:18
5194,39.975744000,00:00:00:00:00:08,00:00:00:00:00:18
5200,39.990888000,00:00:00:00:00:08,00:00:00:00:00:18
5204,40.004638000,00:00:00:00:00:08,00:00:00:00:00:18
5205,40.012415000,00:00:00:00:00:08,00:00:00:00:00:18
5210,40.031142000,00:00:00:00:00:08,00:00:00:00:00:18
5214,40.051912000,00:00:00:00:00:08,00:00:00:00:00:18
5216,40.057247000,00:00:00:00:00:08,00:00:00:00:00:18
5220,40.075217000,00:00:00:00:00:08,00:00:00:00:00:18
5223,40.093110000,00:00:00:00:00:08,00:00:00:00:00:18
5224,40.094227000,00:00:00:00:00:08,00:00:00:00:00:18
5229,40.112033000,00:00:00:00:00:08,00:00:00:00:00:18
5233,40.126743000,00:00:00:00:00:08,00:00:00:00:00:18
5235,40.131398000,00:00:00:00:00:08,00:00:00:00:00:18
5236,40.132515000,00:00:00:00:00:08,00:00:00:00:00:18
5238,40.141830000,00:00:00:00:00:08,00:00:00:00:00:18
5244,40.158455000,00:00:00:00:00:08,00:00:00:00:00:18
5249,40.174702000,00:00:00:00:00:08,00:00:00:00:00:18
5254,40.193549000,00:00:00:00:00:08,00:00:00:00:00:18
5261,40.208682000,00:00:00:00:00:08,00:00:00:00:00:18
5263,40.223537000,00:00:00:00:00:08,00:00:00:00:00:18
5267,40.242627000,00:00:00:00:00:08,00:00:00:00:00:18
5268,40.247184000,00:00:00:00:00:08,00:00:00:00:00:18
5269,40.248901000,00:00:00:00:00:08,00:00:00:00:00:18
5272,40.253894000,00:00:00:00:00:08,00:00:00:00:00:18
5273,40.264751000,00:00:00:00:00:08,00:00:00:00:00:18
5281,40.289249000,00:00:00:00:00:08,00:00:00:00:00:18
5286,40.311636000,00:00:00:00:00:08,00:00:00:00:00:18
5287,40.312793000,00:00:00:00:00:08,00:00:00:00:00:18
5291,40.326443000,00:00:00:00:00:08,00:00:00:00:00:18
5295,40.345153000,00:00:00:00:00:08,00:00:00:00:00:18
5298,40.364826000,00:00:00:00:00:08,00:00:00:00:00:18
5301,40.373959000,00:00:00:00:00:08,00:00:00:00:00:18
5303,40.378474000,00:00:00:00:00:08,00:00:00:00:00:18
5306,40.396267000,00:00:00:00:00:08,00:00:00:00:00:18
5315,40.417056000,00:00:00:00:00:08,00:00:00:00:00:18
5319,40.430926000,00:00:00:00:00:08,00:00:00:00:00:18
5321,40.440061000,00:00:00:00:00:08,00:00:00:00:00:18
5323,40.449576000,00:00:00:00:00:08,00:00:00:00:00:18
5326,40.469269000,00:00:00:00:00:08,00:00:00:00:00:18
5328,40.475564000,00:00:00:00:00:08,00:00:00:00:00:18
5331,40.487377000,00:00:00:00:00:08,00:00:00:00:00:18
5332,40.493194000,00:00:00:00:00:08,00:00:00:00:00:18
5335,40.501247000,00:00:00:00:00:08,00:00:00:00:00:18
5337,40.505542000,00:00:00:00:00:08,00:00:00:00:00:18
5340,40.520395000,00:00:00:00:00:08,00:00:00:00:00:18
5342,40.528550000,00:00:00:00:00:08,00:00:00:00:00:18
5346,40.548780000,00:00:00:00:00:08,00:00:00:00:00:18
5349,40.570353000,00:00:00:00:00:08,00:00:00:00:00:18
5352,40.579666000,00:00:00:00:00:08,00:00:00:00:00:18
5353,40.591243000,00:00:00:00:00:08,00:00:00:00:00:18
5356,40.603915000,00:00:00:00:00:08,00:00:00:00:00:18
5360,40.620646000,00:00:00:00:00:08,00:00:00:00:00:18
5361,40.625623000,00:00:00:00:00:08,00:00:00:00:00:18
5362,40.627100000,00:00:00:00:00:08,00:00:00:00:00:18
5366,40.643049000,00:00:00:00:00:08,00:00:00:00:00:18
5371,40.665237000,00:00:00:00:00:08,00:00:00:00:00:18
5372,40.669574000,00:00:00:00:00:08,00:00:00:00:00:18
5378,40.686978000,00:00:00:00:00:08,00:00:00:00:00:18
5383,40.703985000,00:00:00:00:00:08,00:00:00:00:00:18
5385,40.712221000,00:00:00:00:00:08,00:00:00:00:00:18
5391,40.734785000,00:00:00:00:00:08,00:00:00:00:00:18
5395,40.752415000,00:00:00:00:00:08,00:00:00:00:00:18
5398,40.768947000,00:00:00:00:00:08,00:00:00:00:00:18
5405,40.788328000,00:00:00:00:00:08,00:00:00:00:00:18
5410,40.804555000,00:00:00:00:00:08,00:00:00:00:00:18
5413,40.812767000,00:00:00:00:00:08,00:00:00:00:00:18
5415,40.822883000,00:00:00:00:00:08,00:00:00:00:00:18
5418,40.831995000,00:00:00:00:00:08,00:00:00:00:00:18
5419,40.834012000,00:00:00:00:00:08,00:00:00:00:00:18
5422,40.850005000,00:00:00:00:00:08,00:00:00:00:00:18
5425,40.864698000,00:00:00:00:00:08,00:00:00:00:00:18
5428,40.870150000,00:00:00:00:00:08,00:00:00:00:00:18
5433,40.888797000,00:00:00:00:00:08,00:00:00:00:00:18
5434,40.889754000,00:00:00:00:00:08,00:00:00:00:00:18
5436,40.900829000,00:00:00:00:00:08,00:00:00:00:00:18
5439,40.921722000,00:00:00:00:00:08,00:00:00:00:00:18
5440,40.927059000,00:00:00:00:00:08,00:00:00:00:00:18
5443,40.932632000,00:00:00:00:00:08,00:00:00:00:00:18
5445,40.941927000,00:00:00:00:00:08,00:00:00:00:00:18
5449,40.962337000,00:00:00:00:00:08,00:00:00:00:00:18
5451,40.971052000,00:00:00:00:00:08,00:00:00:00:00:18
5457,40.988716000,00:00:00:00:00:08,00:00:00:00:00:18
5459,41.006932000,00:00:00:00:00:08,00:00:00:00:00:18
5460,41.007789000,00:00:00:00:00:08,00:00:00:00:00:18
5462,41.012784000,00:00:00:00:00:08,00:00:00:00:00:18
5464,41.022079000,00:00:00:00:00:08,00:00:00:00:00:18
5467,41.032532000,00:00:00:00:00:08,00:00:00:00:00:18
5470,41.047324000,00:00:00:00:00:08,00:00:00:00:00:18
5475,41.058092000,00:00:00:00:00:08,00:00:00:00:00:18
5477,41.069007000,00:00:00:00:00:08,00:00:00:00:00:18
5478,41.069744000,00:00:00:00:00:08,00:00:00:00:00:18
5481,41.083956000,00:00:00:00:00:08,00:00:00:00:00:18
5485,41.102846000,00:00:00:00:00:08,00:00:00:00:00:18
5487,41.113742000,00:00:00:00:00:08,00:00:00:00:00:18
5492,41.130428000,00:00:00:00:00:08,00:00:00:00:00:18
5493,41.133005000,00:00:00:00:00:08,00:00:00:00:00:18
5496,41.153358000,00:00:00:00:00:08,00:00:00:00:00:18
5500,41.170148000,00:00:00:00:00:08,00:00:00:00:00:18
5503,41.181081000,00:00:00:00:00:08,00:00:00:00:00:18
5504,41.184698000,00:00:00:00:00:08,00:00:00:00:00:18
5505,41.188175000,00:00:00:00:00:08,00:00:00:00:00:18
5508,41.197608000,00:00:00:00:00:08,00:00:00:00:00:18
5517,41.214856000,00:00:00:00:00:08,00:00:00:00:00:18
5520,41.234609000,00:00:00:00:00:08,00:00:00:00:00:18
5524,41.250839000,00:00:00:00:00:08,00:00:00:00:00:18
5527,41.267891000,00:00:00:00:00:08,00:00:00:00:00:18
5528,41.269188000,00:00:00:00:00:08,00:00:00:00:00:18
5531,41.287021000,00:00:00:00:00:08,00:00:00:00:00:18
5535,41.304950000,00:00:00:00:00:08,00:00:00:00:00:18
5538,41.314423000,00:00:00:00:00:08,00:00:00:00:00:18
5542,41.330873000,00:00:00:00:00:08,00:00:00:00:00:18
5549,41.353894000,00:00:00:00:00:08,00:00:00:00:00:18
5553,41.372384000,00:00:00:00:00:08,00:00:00:00:00:18
5554,41.375161000,00:00:00:00:00:08,00:00:00:00:00:18
5556,41.384917000,00:00:00:00:00:08,00:00:00:00:00:18
5559,41.391269000,00:00:00:00:00:08,00:00:00:00:00:18
5566,41.409927000,00:00:00:00:00:08,00:00:00:00:00:18
5569,41.414180000,00:00:00:00:00:08,00:00:00:00:00:18
5570,41.416177000,00:00:00:00:00:08,00:00:00:00:00:18
5575,41.438565000,00:00:00:00:00:08,00:00:00:00:00:18
5578,41.446237000,00:00:00:00:00:08,00:00:00:00:00:18
5582,41.457246000,00:00:00:00:00:08,00:00:00:00:00:18
5586,41.473136000,00:00:00:00:00:08,00:00:00:00:00:18
5587,41.477693000,00:00:00:00:00:08,00:00:00:00:00:18
5593,41.499557000,00:00:00:00:00:08,00:00:00:00:00:18
5597,41.519427000,00:00:00:00:00:08,00:00:00:00:00:18
5601,41.534337000,00:00:00:00:00:08,00:00:00:00:00:18
5605,41.544746000,00:00:00:00:00:08,00:00:00:00:00:18
5607,41.558461000,00:00:00:00:00:08,00:00:00:00:00:18
5610,41.571014000,00:00:00:00:00:08,00:00:00:00:00:18
5614,41.590344000,00:00:00:00:00:08,00:00:00:00:00:18
5616,41.598360000,00:00:00:00:00:08,00:00:00:00:00:18
5619,41.611852000,00:00:00:00:00:08,00:00:00:00:00:18
5622,41.633665000,00:00:00:00:00:08,00:00:00:00:00:18
5623,41.635202000,00:00:00:00:00:08,00:00:00:00:00:18
5624,41.636519000,00:00:00:00:00:08,00:00:00:00:00:18
5628,41.658089000,00:00:00:00:00:08,00:00:00:00:00:18
5631,41.666162000,00:00:00:00:00:08,00:00:00:00:00:18
5635,41.682011000,00:00:00:00:00:08,00:00:00:00:00:18
5636,41.683568000,00:00:00:00:00:08,00:00:00:00:00:18
5639,41.704341000,00:00:00:00:00:08,00:00:00:00:00:18
5642,41.720233000,00:00:00:00:00:08,00:00:00:00:00:18
5646,41.737023000,00:00:00:00:00:08,00:00:00:00:00:18
5650,41.750733000,00:00:00:00:00:08,00:00:00:00:00:18
5652,41.755348000,00:00:00:00:00:08,00:00:00:00:00:18
5654,41.765363000,00:00:00:00:00:08,00:00:00:00:00:18
5659,41.788450000,00:00:00:00:00:08,00:00:00:00:00:18
5662,41.806463000,00:00:00:00:00:08,00:00:00:00:00:18
5663,41.810700000,00:00:00:00:00:08,00:00:00:00:00:18
5669,41.832585000,00:00:00:00:00:08,00:00:00:00:00:18
5671,41.838360000,00:00:00:00:00:08,00:00:00:00:00:18
5672,41.838997000,00:00:00:00:00:08,00:00:00:00:00:18
5673,41.844914000,00:00:00:00:00:08,00:00:00:00:00:18
5677,41.857284000,00:00:00:00:00:08,00:00:00:00:00:18
5680,41.860656000,00:00:00:00:00:08,00:00:00:00:00:18
5682,41.869732000,00:00:00:00:00:08,00:00:00:00:00:18
5686,41.888302000,00:00:00:00:00:08,00:00:00:00:00:18
5690,41.904052000,00:00:00:00:00:08,00:00:00:00:00:18
5694,41.920742000,00:00:00:00:00:08,00:00:00:00:00:18
5696,41.928258000,00:00:00:00:00:08,00:00:00:00:00:18
5701,41.945704000,00:00:00:00:00:08,00:00:00:00:00:18
5703,41.953760000,00:00:00:00:00:08,00:00:00:00:00:18
5705,41.959635000,00:00:00:00:00:08,00:00:00:00:00:18
5707,41.971690000,00:00:00:00:00:08,00:00:00:00:00:18
5709,41.984926000,00:00:00:00:00:08,00:00:00:00:00:18
5714,41.999214000,00:00:00:00:00:08,00:00:00:00:00:18
5716,42.011169000,00:00:00:00:00:08,00:00:00:00:00:18
5720,42.030178000,00:00:00:00:00:08,00:00:00:00:00:18
5729,42.054434000,00:00:00:00:00:08,00:00:00:00:00:18
5730,42.062071000,00:00:00:00:00:08,00:00:00:00:00:18
5732,42.066106000,00:00:00:00:00:08,00:00:00:00:00:18
5734,42.081342000,00:00:00:00:00:08,00:00:00:00:00:18
5738,42.097011000,00:00:00:00:00:08,00:00:00:00:00:18
5739,42.104448000,00:00:00:00:00:08,00:00:00:00:00:18
5745,42.127493000,00:00:00:00:00:08,00:00:00:00:00:18
5747,42.140888000,00:00:00:00:00:08,00:00:00:00:00:18
5753,42.160612000,00:00:00:00:00:08,00:00:00:00:00:18
5755,42.167268000,00:00:00:00:00:08,00:00:00:00:00:18
5757,42.176343000,00:00:00:00:00:08,00:00:00:00:00:18
5760,42.187616000,00:00:00:00:00:08,00:00:00:00:00:18
5767,42.206645000,00:00:00:00:00:08,00:00:00:00:00:18
5772,42.218732000,00:00:00:00:00:08,00:00:00:00:00:18
5773,42.225329000,00:00:00:00:00:08,00:00:00:00:00:18
5780,42.249251000,00:00:00:00:00:08,00:00:00:00:00:18
5783,42.262203000,00:00:00:00:00:08,00:00:00:00:00:18
5785,42.272078000,00:00:00:00:00:08,00:00:00:00:00:18
5789,42.290248000,00:00:00:00:00:08,00:00:00:00:00:18
5792,42.302621000,00:00:00:00:00:08,00:00:00:00:00:18
5794,42.308536000,00:00:00:00:00:08,00:00:00:00:00:18
5796,42.317551000,00:00:00:00:00:08,00:00:00:00:00:18
5798,42.329626000,00:00:00:00:00:08,00:00:00:00:00:18
5801,42.341339000,00:00:00:00:00:08,00:00:00:00:00:18
5805,42.357669000,00:00:00:00:00:08,00:00:00:00:00:18
5809,42.374479000,00:00:00:00:00:08,00:00:00:00:00:18
5810,42.375356000,00:00:00:00:00:08,00:00:00:00:00:18
5812,42.380311000,00:00:00:00:00:08,00:00:00:00:00:18
5814,42.382726000,00:00:00:00:00:08,00:00:00:00:00:18
5816,42.390361000,00:00:00:00:00:08,00:00:00:00:00:18
5822,42.402493000,00:00:00:00:00:08,00:00:00:00:00:18
5826,42.422283000,00:00:00:00:00:08,00:00:00:00:00:18
5830,42.431513000,00:00:00:00:00:08,00:00:00:00:00:18
5834,42.446123000,00:00:00:00:00:08,00:00:00:00:00:18
5839,42.467171000,00:00:00:00:00:08,00:00:00:00:00:18
5842,42.480863000,00:00:00:00:00:08,00:00:00:00:00:18
5846,42.496333000,00:00:00:00:00:08,00:00:00:00:00:18
5849,42.503066000,00:00:00:00:00:08,00:00:00:00:00:18
5853,42.524796000,00:00:00:00:00:08,00:00:00:00:00:18
5857,42.545145000,00:00:00:00:00:08,00:00:00:00:00:18
5860,42.557598000,00:00:00:00:00:08,00:00:00:00:00:18
5864,42.575388000,00:00:00:00:00:08,00:00:00:00:00:18
5865,42.576905000,00:00:00:00:00:08,00:00:00:00:00:18
5868,42.598418000,00:00:00:00:00:08,00:00:00:00:00:18
5875,42.615479000,00:00:00:00:00:08,00:00:00:00:00:18
5879,42.631769000,00:00:00:00:00:08,00:00:00:00:00:18
5884,42.652276000,00:00:00:00:00:08,00:00:00:00:00:18
5886,42.660771000,00:00:00:00:00:08,00:00:00:00:00:18
5889,42.669844000,00:00:00:00:00:08,00:00:00:00:00:18
5892,42.682596000,00:00:00:00:00:08,00:00:00:00:00:18
5894,42.696951000,00:00:00:00:00:08,00:00:00:00:00:18
5901,42.717592000,00:00:00:00:00:08,00:00:00:00:00:18
5902,42.730649000,00:00:00:00:00:08,00:00:00:00:00:18
5905,42.738322000,00:00:00:00:00:08,00:00:00:00:00:18
5907,42.752537000,00:00:00:00:00:08,00:00:00:00:00:18
5910,42.755830000,00:00:00:00:00:08,00:00:00:00:00:18
5913,42.768483000,00:00:00:00:00:08,00:00:00:00:00:18
5914,42.771160000,00:00:00:00:00:08,00:00:00:00:00:18
5917,42.782052000,00:00:00:00:00:08,00:00:00:00:00:18
5919,42.789567000,00:00:00:00:00:08,00:00:00:00:00:18
5921,42.797423000,00:00:00:00:00:08,00:00:00:00:00:18
5924,42.804336000,00:00:00:00:00:08,00:00:00:00:00:18
5925,42.807993000,00:00:00:00:00:08,00:00:00:00:00:18
5926,42.812230000,00:00:00:00:00:08,00:00:00:00:00:18
5927,42.816667000,00:00:00:00:00:08,00:00:00:00:00:18
5928,42.817284000,00:00:00:00:00:08,00:00:00:00:00:18
5929,42.820081000,00:00:00:00:00:08,00:00:00:00:00:18
5935,42.842945000,00:00:00:00:00:08,00:00:00:00:00:18
5938,42.854418000,00:00:00:00:00:08,00:00:00:00:00:18
5941,42.875671000,00:00:00:00:00:08,00:00:00:00:00:18
5944,42.884403000,00:00:00:00:00:08,00:00:00:00:00:18
5946,42.896652000,00:00:00:00:00:08,00:00:00:00:00:18
5950,42.914322000,00:00:00:00:00:08,00:00:00:00:00:18
5954,42.930192000,00:00:00:00:00:08,00:00:00:00:00:18
5957,42.942705000,00:00:00:00:00:08,00:00:00:00:00:18
5958,42.943602000,00:00:00:00:00:08,00:00:00:00:00:18
5963,42.956449000,00:00:00:00:00:08,00:00:00:00:00:18
5965,42.966144000,00:00:00:00:00:08,00:00:00:00:00:18
5968,42.982796000,00:00:00:00:00:08,00:00:00:00:00:18
5970,42.985492000,00:00:00:00:00:08,00:00:00:00:00:18
5973,42.998605000,00:00:00:00:00:08,00:00:00:00:00:18
5976,43.014797000,00:00:00:00:00:08,00:00:00:00:00:18
5979,43.026250000,00:00:00:00:00:08,00:00:00:00:00:18
5980,43.026947000,00:00:00:00:00:08,00:00:00:00:00:18
5983,43.033500000,00:00:00:00:00:08,00:00:00:00:00:18
5984,43.043717000,00:00:00:00:00:08,00:00:00:00:00:18
5986,43.053132000,00:00:00:00:00:08,00:00:00:00:00:18
5989,43.057244000,00:00:00:00:00:08,00:00:00:00:00:18
5995,43.077949000,00:00:00:00:00:08,00:00:00:00:00:18
5998,43.088702000,00:00:00:00:00:08,00:00:00:00:00:18
6000,43.104997000,00:00:00:00:00:08,00:00:00:00:00:18
6005,43.123344000,00:00:00:00:00:08,00:00:00:00:00:18
6009,43.137374000,00:00:00:00:00:08,00:00:00:00:00:18
6010,43.148871000,00:00:00:00:00:08,00:00:00:00:00:18
6013,43.155204000,00:00:00:00:00:08,00:00:00:00:00:18
6014,43.165741000,00:00:00:00:00:08,00:00:00:00:00:18
6017,43.183093000,00:00:00:00:00:08,00:00:00:00:00:18
6020,43.194626000,00:00:00:00:00:08,00:00:00:00:00:18
6026,43.207125000,00:00:00:00:00:08,00:00:00:00:00:18
6027,43.208702000,00:00:00:00:00:08,00:00:00:00:00:18
6030,43.220394000,00:00:00:00:00:08,00:00:00:00:00:18
6031,43.225571000,00:00:00:00:00:08,00:00:00:00:00:18
6035,43.238222000,00:00:00:00:00:08,00:00:00:00:00:18
6039,43.255872000,00:00:00:00:00:08,00:00:00:00:00:18
6042,43.271144000,00:00:00:00:00:08,00:00:00:00:00:18
6046,43.290215000,00:00:00:00:00:08,00:00:00:00:00:18
6048,43.300570000,00:00:00:00:00:08,00:00:00:00:00:18
6050,43.308025000,00:00:00:00:00:08,00:00:00:00:00:18
6052,43.312341000,00:00:00:00:00:08,00:00:00:00:00:18
6055,43.326833000,00:00:00:00:00:08,00:00:00:00:00:18
6056,43.329890000,00:00:00:00:00:08,00:00:00:00:00:18
6063,43.352192000,00:00:00:00:00:08,00:00:00:00:00:18
6069,43.374596000,00:00:00:00:00:08,00:00:00:00:00:18
6075,43.395960000,00:00:00:00:00:08,00:00:00:00:00:18
6084,43.418525000,00:00:00:00:00:08,00:00:00:00:00:18
6086,43.431440000,00:00:00:00:00:08,00:00:00:00:00:18
6088,43.435036000,00:00:00:00:00:08,00:00:00:00:00:18
6092,43.449726000,00:00:00:00:00:08,00:00:00:00:00:18
6093,43.460163000,00:00:00:00:00:08,00:00:00:00:00:18
6096,43.469636000,00:00:00:00:00:08,00:00:00:00:00:18
6100,43.486645000,00:00:00:00:00:08,00:00:00:00:00:18
6101,43.490582000,00:00:00:00:00:08,00:00:00:00:00:18
6104,43.508635000,00:00:00:00:00:08,00:00:00:00:00:18
6107,43.522328000,00:00:00:00:00:08,00:00:00:00:00:18
6113,43.540952000,00:00:00:00:00:08,00:00:00:00:00:18
6115,43.552927000,00:00:00:00:00:08,00:00:00:00:00:18
6116,43.556164000,00:00:00:00:00:08,00:00:00:00:00:18
6120,43.567634000,00:00:00:00:00:08,00:00:00:00:00:18
6121,43.571051000,00:00:00:00:00:08,00:00:00:00:00:18
6125,43.592961000,00:00:00:00:00:08,00:00:00:00:00:18
6127,43.594856000,00:00:00:00:00:08,00:00:00:00:00:18
6132,43.614264000,00:00:00:00:00:08,00:00:00:00:00:18
6137,43.635431000,00:00:00:00:00:08,00:00:00:00:00:18
6140,43.648744000,00:00:00:00:00:08,00:00:00:00:00:18
6143,43.656596000,00:00:00:00:00:08,00:00:00:00:00:18
6144,43.663473000,00:00:00:00:00:08,00:00:00:00:00:18
6147,43.676006000,00:00:00:00:00:08,00:00:00:00:00:18
6149,43.685482000,00:00:00:00:00:08,00:00:00:00:00:18
6151,43.692077000,00:00:00:00:00:08,00:00:00:00:00:18
6153,43.704992000,00:00:00:00:00:08,00:00:00:00:00:18
6160,43.728714000,00:00:00:00:00:08,00:00:00:00:00:18
6164,43.740204000,00:00:00:00:00:08,00:00:00:00:00:18
6165,43.745881000,00:00:00:00:00:08,00:00:00:00:00:18
6169,43.767225000,00:00:00:00:00:08,00:00:00:00:00:18
6173,43.777755000,00:00:00:00:00:08,00:00:00:00:00:18
6175,43.783011000,00:00:00:00:00:08,00:00:00:00:00:18
6176,43.791768000,00:00:00:00:00:08,00:00:00:00:00:18
6178,43.798583000,00:00:00:00:00:08,00:00:00:00:00:18
6180,43.803678000,00:00:00:00:00:08,00:00:00:00:00:18
6185,43.820025000,00:00:00:00:00:08,00:00:00:00:00:18
6187,43.829660000,00:00:00:00:00:08,00:00:00:00:00:18
6192,43.850467000,00:00:00:00:00:08,00:00:00:00:00:18
6197,43.873575000,00:00:00:00:00:08,00:00:00:00:00:18
6201,43.886205000,00:00:00:00:00:08,00:00:00:00:00:18
6205,43.903095000,00:00:00:00:00:08,00:00:00:00:00:18
6208,43.917308000,00:00:00:00:00:08,00:00:00:00:00:18
6209,43.921725000,00:00:00:00:00:08,00:00:00:00:00:18
6212,43.934537000,00:00:00:00:00:08,00:00:00:00:00:18
6216,43.954988000,00:00:00:00:00:08,00:00:00:00:00:18
6217,43.956945000,00:00:00:00:00:08,00:00:00:00:00:18
6222,43.976252000,00:00:00:00:00:08,00:00:00:00:00:18
6223,43.977209000,00:00:00:00:00:08,00:00:00:00:00:18
6227,43.995339000,00:00:00:00:00:08,00:00:00:00:00:18
6228,44.006236000,00:00:00:00:00:08,00:00:00:00:00:18
6231,44.017909000,00:00:00:00:00:08,00:00:00:00:00:18
6234,44.032522000,00:00:00:00:00:08,00:00:00:00:00:18
6235,44.033539000,00:00:00:00:00:08,00:00:00:00:00:18
6237,44.040414000,00:00:00:00:00:08,00:00:00:00:00:18
6240,44.057326000,00:00:00:00:00:08,00:00:00:00:00:18
6242,44.063021000,00:00:00:00:00:08,00:00:00:00:00:18
6243,44.071998000,00:00:00:00:00:08,00:00:00:00:00:18
6245,44.079034000,00:00:00:00:00:08,00:00:00:00:00:18
6249,44.089624000,00:00:00:00:00:08,00:00:00:00:00:18
6254,44.104992000,00:00:00:00:00:08,00:00:00:00:00:18
6258,44.124541000,00:00:00:00:00:08,00:00:00:00:00:18
6259,44.129318000,00:00:00:00:00:08,00:00:00:00:00:18
6262,44.139451000,00:00:00:00:00:08,00:00:00:00:00:18
6265,44.157224000,00:00:00:00:00:08,00:00:00:00:00:18
6271,44.176468000,00:00:00:00:00:08,00:00:00:00:00:18
6275,44.195018000,00:00:00:00:00:08,00:00:00:00:00:18
6282,44.214022000,00:00:00:00:00:08,00:00:00:00:00:18
6287,44.231190000,00:00:00:00:00:08,00:00:00:00:00:18
6289,44.242325000,00:00:00:00:00:08,00:00:00:00:00:18
6290,44.249042000,00:00:00:00:00:08,00:00:00:00:00:18
6293,44.267294000,00:00:00:00:00:08,00:00:00:00:00:18
6298,44.288282000,00:00:00:00:00:08,00:00:00:00:00:18
6304,44.310166000,00:00:00:00:00:08,00:00:00:00:00:18
6306,44.326461000,00:00:00:00:00:08,00:00:00:00:00:18
6310,44.346391000,00:00:00:00:00:08,00:00:00:00:00:18
6313,44.365604000,00:00:00:00:00:08,00:00:00:00:00:18
6314,44.368021000,00:00:00:00:00:08,00:00:00:00:00:18
6318,44.384231000,00:00:00:00:00:08,00:00:00:00:00:18
6326,44.403102000,00:00:00:00:00:08,00:00:00:00:00:18
6328,44.416177000,00:00:00:00:00:08,00:00:00:00:00:18
6333,44.438844000,00:00:00:00:00:08,00:00:00:00:00:18
6337,44.446934000,00:00:00:00:00:08,00:00:00:00:00:18
6339,44.454869000,00:00:00:00:00:08,00:00:00:00:00:18
6344,44.474516000,00:00:00:00:00:08,00:00:00:00:00:18
6348,44.494967000,00:00:00:00:00:08,00:00:00:00:00:18
6350,44.501002000,00:00:00:00:00:08,00:00:00:00:00:18
6351,44.505119000,00:00:00:00:00:08,00:00:00:00:00:18
6357,44.518384000,00:00:00:00:00:08,00:00:00:00:00:18
6360,44.529616000,00:00:00:00:00:08,00:00:00:00:00:18
6362,44.540052000,00:00:00:00:00:08,00:00:00:00:00:18
6363,44.541249000,00:00:00:00:00:08,00:00:00:00:00:18
6365,44.548764000,00:00:00:00:00:08,00:00:00:00:00:18
6369,44.563794000,00:00:00:00:00:08,00:00:00:00:00:18
6374,44.583600000,00:00:00:00:00:08,00:00:00:00:00:18
6376,44.593956000,00:00:00:00:00:08,00:00:00:00:00:18
6378,44.601451000,00:00:00:00:00:08,00:00:00:00:00:18
6381,44.610944000,00:00:00:00:00:08,00:00:00:00:00:18
6386,44.629011000,00:00:00:00:00:08,00:00:00:00:00:18
6388,44.633765000,00:00:00:00:00:08,00:00:00:00:00:18
6390,44.643260000,00:00:00:00:00:08,00:00:00:00:00:18
6396,44.663804000,00:00:00:00:00:08,00:00:00:00:00:18
6401,44.678712000,00:00:00:00:00:08,00:00:00:00:00:18
6405,44.700282000,00:00:00:00:00:08,00:00:00:00:00:18
6411,44.723167000,00:00:00:00:00:08,00:00:00:00:00:18
6412,44.726864000,00:00:00:00:00:08,00:00:00:00:00:18
6416,44.740053000,00:00:00:00:00:08,00:00:00:00:00:18
6420,44.753463000,00:00:00:00:00:08,00:00:00:00:00:18
6421,44.754360000,00:00:00:00:00:08,00:00:00:00:00:18
6424,44.763813000,00:00:00:00:00:08,00:00:00:00:00:18
6427,44.785286000,00:00:00:00:00:08,00:00:00:00:00:18
6431,44.806776000,00:00:00:00:00:08,00:00:00:00:00:18
6432,44.808793000,00:00:00:00:00:08,00:00:00:00:00:18
6434,44.817548000,00:00:00:00:00:08,00:00:00:00:00:18
6436,44.830523000,00:00:00:00:00:08,00:00:00:00:00:18
6438,44.834559000,00:00:00:00:00:08,00:00:00:00:00:18
6441,44.841171000,00:00:00:00:00:08,00:00:00:00:00:18
6443,44.847867000,00:00:00:00:00:08,00:00:00:00:00:18
6449,44.870891000,00:00:00:00:00:08,00:00:00:00:00:18
6455,44.892016000,00:00:00:00:00:08,00:00:00:00:00:18
6458,44.903128000,00:00:00:00:00:08,00:00:00:00:00:18
6459,44.905625000,00:00:00:00:00:08,00:00:00:00:00:18
6461,44.920001000,00:00:00:00:00:08,00:00:00:00:00:18
6463,44.923876000,00:00:00:00:00:08,00:00:00:00:00:18
6464,44.925053000,00:00:00:00:00:08,00:00:00:00:00:18
6467,44.943005000,00:00:00:00:00:08,00:00:00:00:00:18
6470,44.961438000,00:00:00:00:00:08,00:00:00:00:00:18
6475,44.978325000,00:00:00:00:00:08,00:00:00:00:00:18
6480,44.997353000,00:00:00:00:00:08,00:00:00:00:00:18
6486,45.013217000,00:00:00:00:00:08,00:00:00:00:00:18
6490,45.026867000,00:00:00:00:00:08,00:00:00:00:00:18
6492,45.032163000,00:00:00:00:00:08,00:00:00:00:00:18
6493,45.038660000,00:00:00:00:00:08,00:00:00:00:00:18
6496,45.051352000,00:00:00:00:00:08,00:00:00:00:00:18
6497,45.052849000,00:00:00:00:00:08,00:00:00:00:00:18
6502,45.068897000,00:00:00:00:00:08,00:00:00:00:00:18
6505,45.085530000,00:00:00:00:00:08,00:00:00:00:00:18
6506,45.086527000,00:00:00:00:00:08,00:00:00:00:00:18
6512,45.103851000,00:00:00:00:00:08,00:00:00:00:00:18
6516,45.121541000,00:00:00:00:00:08,00:00:00:00:00:18
6519,45.139634000,00:00:00:00:00:08,00:00:00:00:00:18
6522,45.144866000,00:00:00:00:00:08,00:00:00:00:00:18
6523,45.146123000,00:00:00:00:00:08,00:00:00:00:00:18
6526,45.157696000,00:00:00:00:00:08,00:00:00:00:00:18
6531,45.169264000,00:00:00:00:00:08,00:00:00:00:00:18
6532,45.170601000,00:00:00:00:00:08,00:00:00:00:00:18
6535,45.180513000,00:00:00:00:00:08,00:00:00:00:00:18
6536,45.182050000,00:00:00:00:00:08,00:00:00:00:00:18
6544,45.201187000,00:00:00:00:00:08,00:00:00:00:00:18
6546,45.210822000,00:00:00:00:00:08,00:00:00:00:00:18
6549,45.219615000,00:00:00:00:00:08,00:00:00:00:00:18
6552,45.228528000,00:00:00:00:00:08,00:00:00:00:00:18
6555,45.241901000,00:00:00:00:00:08,00:00:00:00:00:18
6557,45.249356000,00:00:00:00:00:08,00:00:00:00:00:18
6561,45.271326000,00:00:00:00:00:08,00:00:00:00:00:18
6564,45.278959000,00:00:00:00:00:08,00:00:00:00:00:18
6567,45.301052000,00:00:00:00:00:08,00:00:00:00:00:18
6570,45.310564000,00:00:00:00:00:08,00:00:00:00:00:18
6571,45.312821000,00:00:00:00:00:08,00:00:00:00:00:18
6572,45.317678000,00:00:00:00:00:08,00:00:00:00:00:18
6574,45.320814000,00:00:00:00:00:08,00:00:00:00:00:18
6577,45.334966000,00:00:00:00:00:08,00:00:00:00:00:18
6578,45.346203000,00:00:00:00:00:08,00:00:00:00:00:18
6584,45.369828000,00:00:00:00:00:08,00:00:00:00:00:18
6588,45.389297000,00:00:00:00:00:08,00:00:00:00:00:18
6595,45.406213000,00:00:00:00:00:08,00:00:00:00:00:18
6598,45.420166000,00:00:00:00:00:08,00:00:00:00:00:18
6601,45.434239000,00:00:00:00:00:08,00:00:00:00:00:18
6603,45.446474000,00:00:00:00:00:08,00:00:00:00:00:18
6606,45.457126000,00:00:00:00:00:08,00:00:00:00:00:18
6610,45.472477000,00:00:00:00:00:08,00:00:00:00:00:18
6614,45.493586000,00:00:00:00:00:08,00:00:00:00:00:18
6616,45.497241000,00:00:00:00:00:08,00:00:00:00:00:18
6617,45.506658000,00:00:00:00:00:08,00:00:00:00:00:18
6621,45.526068000,00:00:00:00:00:08,00:00:00:00:00:18
6622,45.527965000,00:00:00:00:00:08,00:00:00:00:00:18
6626,45.536835000,00:00:00:00:00:08,00:00:00:00:00:18
6628,45.543410000,00:00:00:00:00:08,00:00:00:00:00:18
6631,45.555603000,00:00:00:00:00:08,00:00:00:00:00:18
6633,45.560858000,00:00:00:00:00:08,00:00:00:00:00:18
6636,45.580091000,00:00:00:00:00:08,00:00:00:00:00:18
6640,45.591621000,00:00:00:00:00:08,00:00:00:00:00:18
6643,45.602394000,00:00:00:00:00:08,00:00:00:00:00:18
6646,45.617246000,00:00:00:00:00:08,00:00:00:00:00:18
6652,45.636531000,00:00:00:00:00:08,00:00:00:00:00:18
6656,45.658382000,00:00:00:00:00:08,00:00:00:00:00:18
6660,45.672131000,00:00:00:00:00:08,00:00:00:00:00:18
6662,45.679366000,00:00:00:00:00:08,00:00:00:00:00:18
6667,45.692254000,00:00:00:00:00:08,00:00:00:00:00:18
6670,45.697606000,00:00:00:00:00:08,00:00:00:00:00:18
6673,45.704478000,00:00:00:00:00:08,00:00:00:00:00:18
6677,45.726069000,00:00:00:00:00:08,00:00:00:00:00:18
6679,45.727744000,00:00:00:00:00:08,00:00:00:00:00:18
6683,45.749274000,00:00:00:00:00:08,00:00:00:00:00:18
6684,45.756071000,00:00:00:00:00:08,00:00:00:00:00:18
6687,45.767504000,00:00:00:00:00:08,00:00:00:00:00:18
6688,45.772101000,00:00:00:00:00:08,00:00:00:00:00:18
6692,45.788691000,00:00:00:00:00:08,00:00:00:00:00:18
6694,45.795206000,00:00:00:00:00:08,00:00:00:00:00:18
6695,45.802043000,00:00:00:00:00:08,00:00:00:00:00:18
6701,45.821328000,00:00:00:00:00:08,00:00:00:00:00:18
6706,45.843436000,00:00:00:00:00:08,00:00:00:00:00:18
6708,45.851351000,00:00:00:00:00:08,00:00:00:00:00:18
6713,45.868897000,00:00:00:00:00:08,00:00:00:00:00:18
6714,45.873274000,00:00:00:00:00:08,00:00:00:00:00:18
6717,45.889047000,00:00:00:00:00:08,00:00:00:00:00:18
6718,45.890564000,00:00:00:00:00:08,00:00:00:00:00:18
6719,45.895541000,00:00:00:00:00:08,00:00:00:00:00:18
6721,45.897756000,00:00:00:00:00:08,00:00:00:00:00:18
6724,45.915569000,00:00:00:00:00:08,00:00:00:00:00:18
6727,45.936562000,00:00:00:00:00:08,00:00:00:00:00:18
6733,45.956246000,00:00:00:00:00:08,00:00:00:00:00:18
6736,45.971318000,00:00:00:00:00:08,00:00:00:00:00:18
6737,45.973135000,00:00:00:00:00:08,00:00:00:00:00:18
6743,45.993761000,00:00:00:00:00:08,00:00:00:00:00:18
6746,46.008314000,00:00:00:00:00:08,00:00:00:00:00:18
6748,46.016509000,00:00:00:00:00:08,00:00:00:00:00:18
6753,46.038015000,00:00:00:00:00:08,00:00:00:00:00:18
6754,46.040852000,00:00:00:00:00:08,00:00:00:00:00:18
6758,46.055263000,00:00:00:00:00:08,00:00:00:00:00:18
6761,46.062815000,00:00:00:00:00:08,00:00:00:00:00:18
6762,46.066292000,00:00:00:00:00:08,00:00:00:00:00:18
6768,46.082196000,00:00:00:00:00:08,00:00:00:00:00:18
6772,46.104306000,00:00:00:00:00:08,00:00:00:00:00:18
6774,46.109781000,00:00:00:00:00:08,00:00:00:00:00:18
6777,46.127594000,00:00:00:00:00:08,00:00:00:00:00:18
6780,46.142187000,00:00:00:00:00:08,00:00:00:00:00:18
6783,46.156739000,00:00:00:00:00:08,00:00:00:00:00:18
6786,46.170372000,00:00:00:00:00:08,00:00:00:00:00:18
6789,46.184465000,00:00:00:00:00:08,00:00:00:00:00:18
6798,46.202227000,00:00:00:00:00:08,00:00:00:00:00:18
6801,46.223600000,00:00:00:00:00:08,00:00:00:00:00:18
6802,46.230737000,00:00:00:00:00:08,00:00:00:00:00:18
6805,46.244270000,00:00:00:00:00:08,00:00:00:00:00:18
6807,46.254785000,00:00:00:00:00:08,00:00:00:00:00:18
6808,46.256602000,00:00:00:00:00:08,00:00:00:00:00:18
6811,46.264855000,00:00:00:00:00:08,00:00:00:00:00:18
6816,46.282903000,00:00:00:00:00:08,00:00:00:00:00:18
6817,46.288220000,00:00:00:00:00:08,00:00:00:00:00:18
6822,46.299407000,00:00:00:00:00:08,00:00:00:00:00:18
6823,46.300524000,00:00:00:00:00:08,00:00:00:00:00:18
6827,46.312994000,00:00:00:00:00:08,00:00:00:00:00:18
6829,46.319749000,00:00:00:00:00:08,00:00:00:00:00:18
6830,46.323186000,00:00:00:00:00:08,00:00:00:00:00:18
6834,46.342876000,00:00:00:00:00:08,00:00:00:00:00:18
6835,46.345313000,00:00:00:00:00:08,00:00:00:00:00:18
6838,46.365886000,00:00:00:00:00:08,00:00:00:00:00:18
6844,46.388311000,00:00:00:00:00:08,00:00:00:00:00:18
6847,46.398243000,00:00:00:00:00:08,00:00:00:00:00:18
6852,46.405253000,00:00:00:00:00:08,00:00:00:00:00:18
6853,46.407190000,00:00:00:00:00:08,00:00:00:00:00:18
6856,46.419503000,00:00:00:00:00:08,00:00:00:00:00:18
6857,46.425880000,00:00:00:00:00:08,00:00:00:00:00:18
6862,46.438587000,00:00:00:00:00:08,00:00:00:00:00:18
6865,46.459900000,00:00:00:00:00:08,00:00:00:00:00:18
6868,46.467072000,00:00:00:00:00:08,00:00:00:00:00:18
6872,46.483823000,00:00:00:00:00:08,00:00:00:00:00:18
6873,46.486280000,00:00:00:00:00:08,00:00:00:00:00:18
6878,46.501587000,00:00:00:00:00:08,00:00:00:00:00:18
6881,46.508019000,00:00:00:00:00:08,00:00:00:00:00:18
6885,46.524309000,00:00:00:00:00:08,00:00:00:00:00:18
6886,46.533226000,00:00:00:00:00:08,00:00:00:00:00:18
6888,46.536542000,00:00:00:00:00:08,00:00:00:00:00:18
6892,46.552172000,00:00:00:00:00:08,00:00:00:00:00:18
6896,46.566702000,00:00:00:00:00:08,00:00:00:00:00:18
6899,46.578194000,00:00:00:00:00:08,00:00:00:00:00:18
6905,46.595518000,00:00:00:00:00:08,00:00:00:00:00:18
6906,46.604515000,00:00:00:00:00:08,00:00:00:00:00:18
6913,46.627277000,00:00:00:00:00:08,00:00:00:00:00:18
6917,46.643147000,00:00:00:00:00:08,00:00:00:00:00:18
6919,46.647882000,00:00:00:00:00:08,00:00:00:00:00:18
6921,46.659858000,00:00:00:00:00:08,00:00:00:00:00:18
6924,46.670410000,00:00:00:00:00:08,00:00:00:00:00:18
6925,46.672127000,00:00:00:00:00:08,00:00:00:00:00:18
6929,46.688698000,00:00:00:00:00:08,00:00:00:00:00:18
6936,46.710820000,00:00:00:00:00:08,00:00:00:00:00:18
6939,46.729913000,00:00:00:00:00:08,00:00:00:00:00:18
6943,46.752443000,00:00:00:00:00:08,00:00:00:00:00:18
6947,46.767993000,00:00:00:00:00:08,00:00:00:00:00:18
6950,46.779485000,00:00:00:00:00:08,00:00:00:00:00:18
6951,46.780282000,00:00:00:00:00:08,00:00:00:00:00:18
6957,46.803767000,00:00:00:00:00:08,00:00:00:00:00:18
6958,46.815304000,00:00:00:00:00:08,00:00:00:00:00:18
6961,46.834457000,00:00:00:00:00:08,00:00:00:00:00:18
6968,46.855919000,00:00:00:00:00:08,00:00:00:00:00:18
6974,46.878563000,00:00:00:00:00:08,00:00:00:00:00:18
6979,46.889210000,00:00:00:00:00:08,00:00:00:00:00:18
6983,46.901720000,00:00:00:00:00:08,00:00:00:00:00:18
6984,46.906157000,00:00:00:00:00:08,00:00:00:00:00:18
6989,46.926144000,00:00:00:00:00:08,00:00:00:00:00:18
6992,46.938316000,00:00:00:00:00:08,00:00:00:00:00:18
6995,46.953749000,00:00:00:00:00:08,00:00:00:00:00:18
6999,46.972039000,00:00:00:00:00:08,00:00:00:00:00:18
7001,46.978414000,00:00:00:00:00:08,00:00:00:00:00:18
7002,46.979831000,00:00:00:00:00:08,00:00:00:00:00:18
7006,46.989181000,00:00:00:00:00:08,00:00:00:00:00:18
7012,47.012546000,00:00:00:00:00:08,00:00:00:00:00:18
7017,47.032653000,00:00:00:00:00:08,00:00:00:00:00:18
7020,47.050186000,00:00:00:00:00:08,00:00:00:00:00:18
7026,47.073332000,00:00:00:00:00:08,00:00:00:00:00:18
7029,47.083364000,00:00:00:00:00:08,00:00:00:00:00:18
7030,47.091501000,00:00:00:00:00:08,00:00:00:00:00:18
7032,47.097256000,00:00:00:00:00:08,00:00:00:00:00:18
7034,47.103412000,00:00:00:00:00:08,00:00:00:00:00:18
7035,47.106589000,00:00:00:00:00:08,00:00:00:00:00:18
7036,47.109706000,00:00:00:00:00:08,00:00:00:00:00:18
7040,47.122956000,00:00:00:00:00:08,00:00:00:00:00:18
7041,47.126953000,00:00:00:00:00:08,00:00:00:00:00:18
7045,47.142664000,00:00:00:00:00:08,00:00:00:00:00:18
7047,47.151039000,00:00:00:00:00:08,00:00:00:00:00:18
7053,47.169984000,00:00:00:00:00:08,00:00:00:00:00:18
7056,47.182357000,00:00:00:00:00:08,00:00:00:00:00:18
7057,47.187194000,00:00:00:00:00:08,00:00:00:00:00:18
7064,47.209945000,00:00:00:00:00:08,00:00:00:00:00:18
7067,47.218937000,00:00:00:00:00:08,00:00:00:00:00:18
7068,47.227014000,00:00:00:00:00:08,00:00:00:00:00:18
7071,47.240127000,00:00:00:00:00:08,00:00:00:00:00:18
7075,47.253997000,00:00:00:00:00:08,00:00:00:00:00:18
7078,47.263889000,00:00:00:00:00:08,00:00:00:00:00:18
7081,47.275262000,00:00:00:00:00:08,00:00:00:00:00:18
7084,47.286694000,00:00:00:00:00:08,00:00:00:00:00:18
7089,47.306661000,00:00:00:00:00:08,00:00:00:00:00:18
7090,47.311338000,00:00:00:00:00:08,00:00:00:00:00:18
7094,47.322168000,00:00:00:00:00:08,00:00:00:00:00:18
7095,47.325665000,00:00:00:00:00:08,00:00:00:00:00:18
7097,47.332160000,00:00:00:00:00:08,00:00:00:00:00:18
7101,47.353511000,00:00:00:00:00:08,00:00:00:00:00:18
7103,47.363786000,00:00:00:00:00:08,00:00:00:00:00:18
7107,47.384316000,00:00:00:00:00:08,00:00:00:00:00:18
7114,47.402013000,00:00:00:00:00:08,00:00:00:00:00:18
7116,47.414769000,00:00:00:00:00:08,00:00:00:00:00:18
7118,47.421384000,00:00:00:00:00:08,00:00:00:00:00:18
7123,47.440785000,00:00:00:00:00:08,00:00:00:00:00:18
7126,47.457318000,00:00:00:00:00:08,00:00:00:00:00:18
7127,47.458935000,00:00:00:00:00:08,00:00:00:00:00:18
7131,47.471185000,00:00:00:00:00:08,00:00:00:00:00:18
7135,47.491114000,00:00:00:00:00:08,00:00:00:00:00:18
7139,47.501144000,00:00:00:00:00:08,00:00:00:00:00:18
7140,47.502581000,00:00:00:00:00:08,00:00:00:00:00:18
7142,47.509417000,00:00:00:00:00:08,00:00:00:00:00:18
7143,47.510654000,00:00:00:00:00:08,00:00:00:00:00:18
7146,47.523386000,00:00:00:00:00:08,00:00:00:00:00:18
7149,47.542899000,00:00:00:00:00:08,00:00:00:00:00:18
7150,47.545396000,00:00:00:00:00:08,00:00:00:00:00:18
7156,47.568441000,00:00:00:00:00:08,00:00:00:00:00:18
7158,47.573856000,00:00:00:00:00:08,00:00:00:00:00:18
7162,47.593606000,00:00:00:00:00:08,00:00:00:00:00:18
7164,47.606701000,00:00:00:00:00:08,00:00:00:00:00:18
7168,47.620572000,00:00:00:00:00:08,00:00:00:00:00:18
7173,47.643659000,00:00:00:00:00:08,00:00:00:00:00:18
7176,47.657611000,00:00:00:00:00:08,00:00:00:00:00:18
7179,47.664544000,00:00:00:00:00:08,00:00:00:00:00:18
7183,47.679594000,00:00:00:00:00:08,00:00:00:00:00:18
7187,47.701184000,00:00:00:00:00:08,00:00:00:00:00:18
7189,47.708820000,00:00:00:00:00:08,00:00:00:00:00:18
7193,47.718849000,00:00:00:00:00:08,00:00:00:00:00:18
7195,47.730824000,00:00:00:00:00:08,00:00:00:00:00:18
7199,47.750314000,00:00:00:00:00:08,00:00:00:00:00:18
7203,47.770484000,00:00:00:00:00:08,00:00:00:00:00:18
7206,47.779357000,00:00:00:00:00:08,00:00:00:00:00:18
7207,47.781194000,00:00:00:00:00:08,00:00:00:00:00:18
7211,47.797724000,00:00:00:00:00:08,00:00:00:00:00:18
7214,47.813676000,00:00:00:00:00:08,00:00:00:00:00:18
7215,47.818853000,00:00:00:00:00:08,00:00:00:00:00:18
7217,47.824089000,00:00:00:00:00:08,00:00:00:00:00:18
7219,47.833544000,00:00:00:00:00:08,00:00:00:00:00:18
7220,47.839601000,00:00:00:00:00:08,00:00:00:00:00:18
7223,47.851654000,00:00:00:00:00:08,00:00:00:00:00:18
7226,47.863346000,00:00:00:00:00:08,00:00:00:00:00:18
7228,47.874241000,00:00:00:00:00:08,00:00:00:00:00:18
7233,47.895349000,00:00:00:00:00:08,00:00:00:00:00:18
7235,47.906344000,00:00:00:00:00:08,00:00:00:00:00:18
7240,47.927832000,00:00:00:00:00:08,00:00:00:00:00:18
7241,47.929149000,00:00:00:00:00:08,00:00:00:00:00:18
7248,47.951651000,00:00:00:00:00:08,00:00:00:00:00:18
7249,47.958848000,00:00:00:00:00:08,00:00:00:00:00:18
7254,47.980634000,00:00:00:00:00:08,00:00:00:00:00:18
7261,48.002696000,00:00:00:00:00:08,00:00:00:00:00:18
7263,48.013531000,00:00:00:00:00:08,00:00:00:00:00:18
7266,48.027484000,00:00:00:00:00:08,00:00:00:00:00:18
7268,48.031359000,00:00:00:00:00:08,00:00:00:00:00:18
7273,48.053427000,00:00:00:00:00:08,00:00:00:00:00:18
7275,48.056422000,00:00:00:00:00:08,00:00:00:00:00:18
7276,48.057599000,00:00:00:00:00:08,00:00:00:00:00:18
7280,48.076949000,00:00:00:00:00:08,00:00:00:00:00:18
7282,48.086424000,00:00:00:00:00:08,00:00:00:00:00:18
7287,48.106991000,00:00:00:00:00:08,00:00:00:00:00:18
7289,48.109706000,00:00:00:00:00:08,00:00:00:00:00:18
7291,48.115902000,00:00:00:00:00:08,00:00:00:00:00:18
7294,48.125615000,00:00:00:00:00:08,00:00:00:00:00:18
7296,48.134130000,00:00:00:00:00:08,00:00:00:00:00:18
7298,48.140605000,00:00:00:00:00:08,00:00:00:00:00:18
7301,48.154518000,00:00:00:00:00:08,00:00:00:00:00:18
7303,48.165613000,00:00:00:00:00:08,00:00:00:00:00:18
7305,48.177609000,00:00:00:00:00:08,00:00:00:00:00:18
7309,48.196619000,00:00:00:00:00:08,00:00:00:00:00:18
7315,48.203287000,00:00:00:00:00:08,00:00:00:00:00:18
7317,48.217062000,00:00:00:00:00:08,00:00:00:00:00:18
7320,48.232795000,00:00:00:00:00:08,00:00:00:00:00:18
7323,48.246268000,00:00:00:00:00:08,00:00:00:00:00:18
7325,48.252523000,00:00:00:00:00:08,00:00:00:00:00:18
7328,48.270415000,00:00:00:00:00:08,00:00:00:00:00:18
7331,48.280048000,00:00:00:00:00:08,00:00:00:00:00:18
7334,48.287780000,00:00:00:00:00:08,00:00:00:00:00:18
7337,48.296013000,00:00:00:00:00:08,00:00:00:00:00:18
7342,48.315860000,00:00:00:00:00:08,00:00:00:00:00:18
7348,48.336144000,00:00:00:00:00:08,00:00:00:00:00:18
7349,48.343641000,00:00:00:00:00:08,00:00:00:00:00:18
7350,48.345618000,00:00:00:00:00:08,00:00:00:00:00:18
7352,48.355394000,00:00:00:00:00:08,00:00:00:00:00:18
7356,48.366804000,00:00:00:00:00:08,00:00:00:00:00:18
7359,48.379777000,00:00:00:00:00:08,00:00:00:00:00:18
7362,48.394469000,00:00:00:00:00:08,00:00:00:00:00:18
7372,48.418175000,00:00:00:00:00:08,00:00:00:00:00:18
7374,48.430250000,00:00:00:00:00:08,00:00:00:00:00:18
7377,48.442923000,00:00:00:00:00:08,00:00:00:00:00:18
7378,48.450060000,00:00:00:00:00:08,00:00:00:00:00:18
7381,48.457673000,00:00:00:00:00:08,00:00:00:00:00:18
7383,48.460828000,00:00:00:00:00:08,00:00:00:00:00:18
7385,48.468064000,00:00:00:00:00:08,00:00:00:00:00:18
7387,48.477959000,00:00:00:00:00:08,00:00:00:00:00:18
7389,48.489575000,00:00:00:00:00:08,00:00:00:00:00:18
7391,48.493670000,00:00:00:00:00:08,00:00:00:00:00:18
7394,48.503843000,00:00:00:00:00:08,00:00:00:00:00:18
7396,48.508878000,00:00:00:00:00:08,00:00:00:00:00:18
7403,48.531759000,00:00:00:00:00:08,00:00:00:00:00:18
7406,48.545632000,00:00:00:00:00:08,00:00:00:00:00:18
7410,48.565643000,00:00:00:00:00:08,00:00:00:00:00:18
7413,48.583075000,00:00:00:00:00:08,00:00:00:00:00:18
7414,48.584992000,00:00:00:00:00:08,00:00:00:00:00:18
7415,48.589309000,00:00:00:00:00:08,00:00:00:00:00:18
7417,48.599945000,00:00:00:00:00:08,00:00:00:00:00:18
7422,48.612692000,00:00:00:00:00:08,00:00:00:00:00:18
7423,48.617869000,00:00:00:00:00:08,00:00:00:00:00:18
7426,48.630942000,00:00:00:00:00:08,00:00:00:00:00:18
7427,48.633339000,00:00:00:00:00:08,00:00:00:00:00:18
7429,48.645094000,00:00:00:00:00:08,00:00:00:00:00:18
7435,48.659218000,00:00:00:00:00:08,00:00:00:00:00:18
7439,48.681728000,00:00:00:00:00:08,00:00:00:00:00:18
7443,48.700258000,00:00:00:00:00:08,00:00:00:00:00:18
7445,48.705773000,00:00:00:00:00:08,00:00:00:00:00:18
7448,48.718366000,00:00:00:00:00:08,00:00:00:00:00:18
7450,48.720641000,00:00:00:00:00:08,00:00:00:00:00:18
7452,48.727036000,00:00:00:00:00:08,00:00:00:00:00:18
7455,48.744109000,00:00:00:00:00:08,00:00:00:00:00:18
7458,48.762102000,00:00:00:00:00:08,00:00:00:00:00:18
7463,48.776289000,00:00:00:00:00:08,00:00:00:00:00:18
7468,48.798637000,00:00:00:00:00:08,00:00:00:00:00:18
7472,48.814267000,00:00:00:00:00:08,00:00:00:00:00:18
7473,48.821264000,00:00:00:00:00:08,00:00:00:00:00:18
7477,48.835994000,00:00:00:00:00:08,00:00:00:00:00:18
7482,48.848841000,00:00:00:00:00:08,00:00:00:00:00:18
7486,48.861491000,00:00:00:00:00:08,00:00:00:00:00:18
7489,48.872704000,00:00:00:00:00:08,00:00:00:00:00:18
7490,48.877101000,00:00:00:00:00:08,00:00:00:00:00:18
7491,48.884858000,00:00:00:00:00:08,00:00:00:00:00:18
7495,48.898147000,00:00:00:00:00:08,00:00:00:00:00:18
7497,48.905163000,00:00:00:00:00:08,00:00:00:00:00:18
7500,48.918696000,00:00:00:00:00:08,00:00:00:00:00:18
7502,48.927831000,00:00:00:00:00:08,00:00:00:00:00:18
7507,48.950439000,00:00:00:00:00:08,00:00:00:00:00:18
7508,48.952316000,00:00:00:00:00:08,00:00:00:00:00:18
7510,48.955791000,00:00:00:00:00:08,00:00:00:00:00:18
7511,48.960748000,00:00:00:00:00:08,00:00:00:00:00:18
7516,48.982675000,00:00:00:00:00:08,00:00:00:00:00:18
7517,48.987172000,00:00:00:00:00:08,00:00:00:00:00:18
7523,49.009257000,00:00:00:00:00:08,00:00:00:00:00:18
7526,49.024030000,00:00:00:00:00:08,00:00:00:00:00:18
7528,49.039425000,00:00:00:00:00:08,00:00:00:00:00:18
7531,49.045997000,00:00:00:00:00:08,00:00:00:00:00:18
7534,49.061910000,00:00:00:00:00:08,00:00:00:00:00:18
7535,49.065967000,00:00:00:00:00:08,00:00:00:00:00:18
7538,49.077680000,00:00:00:00:00:08,00:00:00:00:00:18
7539,49.079317000,00:00:00:00:00:08,00:00:00:00:00:18
7541,49.086592000,00:00:00:00:00:08,00:00:00:00:00:18
7544,49.099785000,00:00:00:00:00:08,00:00:00:00:00:18
7545,49.104842000,00:00:00:00:00:08,00:00:00:00:00:18
7547,49.114417000,00:00:00:00:00:08,00:00:00:00:00:18
7549,49.117793000,00:00:00:00:00:08,00:00:00:00:00:18
7550,49.118570000,00:00:00:00:00:08,00:00:00:00:00:18
7553,49.131922000,00:00:00:00:00:08,00:00:00:00:00:18
7561,49.154921000,00:00:00:00:00:08,00:00:00:00:00:18
7564,49.170614000,00:00:00:00:00:08,00:00:00:00:00:18
7566,49.176809000,00:00:00:00:00:08,00:00:00:00:00:18
7567,49.179466000,00:00:00:00:00:08,00:00:00:00:00:18
7570,49.190218000,00:00:00:00:00:08,00:00:00:00:00:18
7579,49.209022000,00:00:00:00:00:08,00:00:00:00:00:18
7582,49.226815000,00:00:00:00:00:08,00:00:00:00:00:18
7585,49.244647000,00:00:00:00:00:08,00:00:00:00:00:18
7588,49.253400000,00:00:00:00:00:08,00:00:00:00:00:18
7591,49.268873000,00:00:00:00:00:08,00:00:00:00:00:18
7595,49.283783000,00:00:00:00:00:08,00:00:00:00:00:18
7596,49.284520000,00:00:00:00:00:08,00:00:00:00:00:18
7599,49.299972000,00:00:00:00:00:08,00:00:00:00:00:18
7601,49.302688000,00:00:00:00:00:08,00:00:00:00:00:18
7603,49.307123000,00:00:00:00:00:08,00:00:00:00:00:18
7606,49.321416000,00:00:00:00:00:08,00:00:00:00:00:18
7610,49.341466000,00:00:00:00:00:08,00:00:00:00:00:18
7613,49.348819000,00:00:00:00:00:08,00:00:00:00:00:18
7614,49.350456000,00:00:00:00:00:08,00:00:00:00:00:18
7617,49.366028000,00:00:00:00:00:08,00:00:00:00:00:18
7624,49.390150000,00:00:00:00:00:08,00:00:00:00:00:18
7630,49.401893000,00:00:00:00:00:08,00:00:00:00:00:18
7631,49.402970000,00:00:00:00:00:08,00:00:00:00:00:18
7635,49.423221000,00:00:00:00:00:08,00:00:00:00:00:18
7639,49.442831000,00:00:00:00:00:08,00:00:00:00:00:18
7643,49.463181000,00:00:00:00:00:08,00:00:00:00:00:18
7647,49.483971000,00:00:00:00:00:08,00:00:00:00:00:18
7655,49.504190000,00:00:00:00:00:08,00:00:00:00:00:18
7656,49.507867000,00:00:00:00:00:08,00:00:00:00:00:18
7661,49.525815000,00:00:00:00:00:08,00:00:00:00:00:18
7664,49.544168000,00:00:00:00:00:08,00:00:00:00:00:18
7666,49.546703000,00:00:00:00:00:08,00:00:00:00:00:18
7669,49.555596000,00:00:00:00:00:08,00:00:00:00:00:18
7670,49.557293000,00:00:00:00:00:08,00:00:00:00:00:18
7673,49.576666000,00:00:00:00:00:08,00:00:00:00:00:18
29916,122.809153000,00:00:00:00:00:08,00:00:00:00:00:31
29920,122.811725000,00:00:00:00:00:08,00:00:00:00:00:31
30214,123.813262000,00:00:00:00:00:08,00:00:00:00:00:31
44530,163.949343000,00:00:00:00:00:08,00:00:00:00:00:22
50966,180.364683000,00:00:00:00:00:08,00:00:00:00:00:19
50983,180.383510000,00:00:00:00:00:08,00:00:00:00:00:03
50984,180.384227000,00:00:00:00:00:08,00:00:00:00:00:03
51158,181.007414000,00:00:00:00:00:08,00:00:00:00:00:2e
51163,181.009130000,00:00:00:00:00:08,00:00:00:00:00:03
51218,181.211062000,00:00:00:00:00:08,00:00:00:00:00:2e
51224,181.213267000,00:00:00:00:00:08,00:00:00:00:00:2e
51231,181.216717000,00:00:00:00:00:08,00:00:00:00:00:2e
51436,182.004061000,00:00:00:00:00:08,00:00:00:00:00:2e
51490,182.205890000,00:00:00:00:00:08,00:00:00:00:00:2e
52568,186.604292000,00:00:00:00:00:08,00:00:00:00:00:27
55003,199.200170000,00:00:00:00:00:08,00:00:00:00:00:2f
55702,204.845822000,00:00:00:00:00:08,00:00:00:00:00:15
55951,207.112147000,00:00:00:00:00:08,00:00:00:00:00:02
55967,207.124770000,00:00:00:00:00:08,00:00:00:00:00:02
55975,207.127546000,00:00:00:00:00:08,00:00:00:00:00:03
55991,207.193979000,00:00:00:00:00:08,00:00:00:00:00:03
56012,207.228782000,00:00:00:00:00:08,00:00:00:00:00:03
56022,207.240762000,00:00:00:00:00:08,00:00:00:00:00:03
57377,222.319204000,00:00:00:00:00:08,00:00:00:00:00:05
57394,222.352677000,00:00:00:00:00:08,00:00:00:00:00:05
57408,222.361834000,00:00:00:00:00:08,00:00:00:00:00:04
57418,222.371249000,00:00:00:00:00:08,00:00:00:00:00:04
57433,222.426049000,00:00:00:00:00:08,00:00:00:00:00:04
57443,222.437469000,00:00:00:00:00:08,00:00:00:00:00:04
57454,222.449949000,00:00:00:00:00:08,00:00:00:00:00:04
57469,222.528529000,00:00:00:00:00:08,00:00:00:00:00:04
57479,222.533449000,00:00:00:00:00:08,00:00:00:00:00:04
57492,222.559229000,00:00:00:00:00:08,00:00:00:00:00:04
92407,350.900803000,00:00:00:00:00:08,00:00:00:00:00:2f
102669,382.902321000,00:00:00:00:00:08,00:00:00:00:00:2f
110246,407.341968000,00:00:00:00:00:08,00:00:00:00:00:32
111033,413.930230000,00:00:00:00:00:08,00:00:00:00:00:30
111040,413.933895000,00:00:00:00:00:08,00:00:00:00:00:30
118626,452.530952000,00:00:00:00:00:08,00:00:00:00:00:2e
118632,452.535492000,00:00:00:00:00:08,00:00:00:00:00:2e
118634,452.537740000,00:00:00:00:00:08,00:00:00:00:00:2e
118639,452.544530000,00:00:00:00:00:08,00:00:00:00:00:2e
