frame.number,frame.time_relative,wlan.ra,wlan.ta
46,0.297287000,00:00:00:00:00:08,00:00:00:00:00:03
71,0.314954000,00:00:00:00:00:08,00:00:00:00:00:04
79,0.327423000,00:00:00:00:00:08,00:00:00:00:00:03
116,0.783897000,00:00:00:00:00:08,00:00:00:00:00:03
119,0.785648000,00:00:00:00:00:08,00:00:00:00:00:03
280,1.536362000,00:00:00:00:00:08,00:00:00:00:00:04
330,2.470224000,00:00:00:00:00:08,00:00:00:00:00:04
332,2.471402000,00:00:00:00:00:08,00:00:00:00:00:03
334,2.568707000,00:00:00:00:00:08,00:00:00:00:00:04
336,2.595707000,00:00:00:00:00:08,00:00:00:00:00:04
344,2.741706000,00:00:00:00:00:08,00:00:00:00:00:04
386,3.469544000,00:00:00:00:00:08,00:00:00:00:00:03
387,3.470416000,00:00:00:00:00:08,00:00:00:00:00:04
389,3.471473000,00:00:00:00:00:08,00:00:00:00:00:03
431,4.470422000,00:00:00:00:00:08,00:00:00:00:00:03
433,4.474478000,00:00:00:00:00:08,00:00:00:00:00:04
473,5.469404000,00:00:00:00:00:08,00:00:00:00:00:03
475,5.470783000,00:00:00:00:00:08,00:00:00:00:00:04
517,6.469384000,00:00:00:00:00:08,00:00:00:00:00:03
519,6.470803000,00:00:00:00:00:08,00:00:00:00:00:04
563,7.472340000,00:00:00:00:00:08,00:00:00:00:00:03
565,7.473439000,00:00:00:00:00:08,00:00:00:00:00:04
609,8.470842000,00:00:00:00:00:08,00:00:00:00:00:04
611,8.472140000,00:00:00:00:00:08,00:00:00:00:00:03
653,9.470484000,00:00:00:00:00:08,00:00:00:00:00:03
654,9.471056000,00:00:00:00:00:08,00:00:00:00:00:04
656,9.474331000,00:00:00:00:00:08,00:00:00:00:00:03
657,9.480364000,00:00:00:00:00:08,00:00:00:00:00:03
697,10.469904000,00:00:00:00:00:08,00:00:00:00:00:04
699,10.470962000,00:00:00:00:00:08,00:00:00:00:00:03
740,11.469564000,00:00:00:00:00:08,00:00:00:00:00:03
742,11.470603000,00:00:00:00:00:08,00:00:00:00:00:04
784,12.469324000,00:00:00:00:00:08,00:00:00:00:00:03
786,12.471760000,00:00:00:00:00:08,00:00:00:00:00:04
830,13.470084000,00:00:00:00:00:08,00:00:00:00:00:03
831,13.470856000,00:00:00:00:00:08,00:00:00:00:00:04
833,13.476228000,00:00:00:00:00:08,00:00:00:00:00:03
877,14.469384000,00:00:00:00:00:08,00:00:00:00:00:04
879,14.471640000,00:00:00:00:00:08,00:00:00:00:00:03
923,15.469424000,00:00:00:00:00:08,00:00:00:00:00:04
924,15.470022000,00:00:00:00:00:08,00:00:00:00:00:03
925,15.473574000,00:00:00:00:00:08,00:00:00:00:00:03
927,15.475910000,00:00:00:00:00:08,00:00:00:00:00:04
972,16.469564000,00:00:00:00:00:08,00:00:00:00:00:04
974,16.472199000,00:00:00:00:00:08,00:00:00:00:00:03
975,16.475832000,00:00:00:00:00:08,00:00:00:00:00:03
1015,17.470084000,00:00:00:00:00:08,00:00:00:00:00:03
1017,17.473399000,00:00:00:00:00:08,00:00:00:00:00:04
1058,18.470004000,00:00:00:00:00:08,00:00:00:00:00:03
1059,18.470496000,00:00:00:00:00:08,00:00:00:00:00:04
1061,18.474451000,00:00:00:00:00:08,00:00:00:00:00:03
1062,18.475868000,00:00:00:00:00:08,00:00:00:00:00:03
1106,19.474737000,00:00:00:00:00:08,00:00:00:00:00:03
1108,19.476276000,00:00:00:00:00:08,00:00:00:00:00:04
1153,20.469404000,00:00:00:00:00:08,00:00:00:00:00:03
1155,20.471660000,00:00:00:00:00:08,00:00:00:00:00:04
1197,21.469364000,00:00:00:00:00:08,00:00:00:00:00:04
1199,21.470442000,00:00:00:00:00:08,00:00:00:00:00:03
1200,21.474834000,00:00:00:00:00:08,00:00:00:00:00:03
1240,22.470742000,00:00:00:00:00:08,00:00:00:00:00:04
1242,22.471980000,00:00:00:00:00:08,00:00:00:00:00:03
1282,23.469564000,00:00:00:00:00:08,00:00:00:00:00:03
1283,23.470416000,00:00:00:00:00:08,00:00:00:00:00:04
1285,23.475189000,00:00:00:00:00:08,00:00:00:00:00:03
1327,24.469664000,00:00:00:00:00:08,00:00:00:00:00:04
1329,24.472539000,00:00:00:00:00:08,00:00:00:00:00:03
1330,24.473396000,00:00:00:00:00:08,00:00:00:00:00:03
1372,25.469344000,00:00:00:00:00:08,00:00:00:00:00:04
1374,25.471619000,00:00:00:00:00:08,00:00:00:00:00:03
1375,25.472316000,00:00:00:00:00:08,00:00:00:00:00:03
1417,26.469324000,00:00:00:00:00:08,00:00:00:00:00:03
1419,26.473219000,00:00:00:00:00:08,00:00:00:00:00:04
1461,27.471900000,00:00:00:00:00:08,00:00:00:00:00:03
1463,27.473299000,00:00:00:00:00:08,00:00:00:00:00:04
1503,28.469544000,00:00:00:00:00:08,00:00:00:00:00:04
1505,28.472319000,00:00:00:00:00:08,00:00:00:00:00:03
1506,28.473216000,00:00:00:00:00:08,00:00:00:00:00:03
1546,29.469344000,00:00:00:00:00:08,00:00:00:00:00:04
1548,29.471699000,00:00:00:00:00:08,00:00:00:00:00:03
1549,29.473976000,00:00:00:00:00:08,00:00:00:00:00:03
1550,29.474673000,00:00:00:00:00:08,00:00:00:00:00:03
1594,30.469524000,00:00:00:00:00:08,00:00:00:00:00:04
1596,30.473038000,00:00:00:00:00:08,00:00:00:00:00:03
1640,31.469944000,00:00:00:00:00:08,00:00:00:00:00:03
1642,31.474556000,00:00:00:00:00:08,00:00:00:00:00:04
1686,32.469424000,00:00:00:00:00:08,00:00:00:00:00:03
1688,32.472120000,00:00:00:00:00:08,00:00:00:00:00:04
1689,32.473037000,00:00:00:00:00:08,00:00:00:00:00:04
1729,33.470482000,00:00:00:00:00:08,00:00:00:00:00:04
1731,33.472577000,00:00:00:00:00:08,00:00:00:00:00:03
1771,34.471580000,00:00:00:00:00:08,00:00:00:00:00:04
1773,34.474215000,00:00:00:00:00:08,00:00:00:00:00:03
1815,35.469544000,00:00:00:00:00:08,00:00:00:00:00:03
1816,35.470236000,00:00:00:00:00:08,00:00:00:00:00:04
1818,35.475847000,00:00:00:00:00:08,00:00:00:00:00:03
1860,36.469404000,00:00:00:00:00:08,00:00:00:00:00:03
1862,36.471860000,00:00:00:00:00:08,00:00:00:00:00:04
1902,37.469784000,00:00:00:00:00:08,00:00:00:00:00:04
1904,37.470922000,00:00:00:00:00:08,00:00:00:00:00:03
1944,38.469564000,00:00:00:00:00:08,00:00:00:00:00:04
1946,38.473038000,00:00:00:00:00:08,00:00:00:00:00:03
1990,39.469344000,00:00:00:00:00:08,00:00:00:00:00:04
1992,39.470562000,00:00:00:00:00:08,00:00:00:00:00:03
2036,40.469544000,00:00:00:00:00:08,00:00:00:00:00:04
2038,40.473238000,00:00:00:00:00:08,00:00:00:00:00:03
2082,41.469364000,00:00:00:00:00:08,00:00:00:00:00:03
2084,41.470443000,00:00:00:00:00:08,00:00:00:00:00:04
2126,42.469964000,00:00:00:00:00:08,00:00:00:00:00:04
2128,42.472319000,00:00:00:00:00:08,00:00:00:00:00:03
2129,42.474016000,00:00:00:00:00:08,00:00:00:00:00:03
2169,43.469364000,00:00:00:00:00:08,00:00:00:00:00:03
2171,43.473259000,00:00:00:00:00:08,00:00:00:00:00:04
2213,44.470024000,00:00:00:00:00:08,00:00:00:00:00:03
2214,44.470841000,00:00:00:00:00:08,00:00:00:00:00:03
2216,44.472140000,00:00:00:00:00:08,00:00:00:00:00:04
2258,45.469864000,00:00:00:00:00:08,00:00:00:00:00:04
2260,45.470962000,00:00:00:00:00:08,00:00:00:00:00:03
2300,46.471202000,00:00:00:00:00:08,00:00:00:00:00:03
2302,46.473299000,00:00:00:00:00:08,00:00:00:00:00:04
2343,47.469824000,00:00:00:00:00:08,00:00:00:00:00:03
2345,47.471960000,00:00:00:00:00:08,00:00:00:00:00:04
2387,48.472280000,00:00:00:00:00:08,00:00:00:00:00:03
2389,48.474516000,00:00:00:00:00:08,00:00:00:00:00:04
2432,49.469544000,00:00:00:00:00:08,00:00:00:00:00:04
2434,49.472239000,00:00:00:00:00:08,00:00:00:00:00:03
2435,49.476712000,00:00:00:00:00:08,00:00:00:00:00:03
2477,50.470084000,00:00:00:00:00:08,00:00:00:00:00:04
2479,50.471362000,00:00:00:00:00:08,00:00:00:00:00:03
2480,50.474131000,00:00:00:00:00:08,00:00:00:00:00:03
2522,51.469664000,00:00:00:00:00:08,00:00:00:00:00:04
2524,51.474297000,00:00:00:00:00:08,00:00:00:00:00:03
2566,52.469824000,00:00:00:00:00:08,00:00:00:00:00:03
2568,52.473279000,00:00:00:00:00:08,00:00:00:00:00:04
2610,53.469864000,00:00:00:00:00:08,00:00:00:00:00:04
2612,53.472320000,00:00:00:00:00:08,00:00:00:00:00:03
2654,54.471282000,00:00:00:00:00:08,00:00:00:00:00:04
2656,54.472320000,00:00:00:00:00:08,00:00:00:00:00:03
2698,55.469504000,00:00:00:00:00:08,00:00:00:00:00:03
2700,55.474118000,00:00:00:00:00:08,00:00:00:00:00:04
2740,56.469884000,00:00:00:00:00:08,00:00:00:00:00:04
2742,56.472259000,00:00:00:00:00:08,00:00:00:00:00:03
2743,56.475775000,00:00:00:00:00:08,00:00:00:00:00:03
2785,57.469524000,00:00:00:00:00:08,00:00:00:00:00:03
2787,57.474196000,00:00:00:00:00:08,00:00:00:00:00:04
2829,58.470402000,00:00:00:00:00:08,00:00:00:00:00:04
2831,58.473097000,00:00:00:00:00:08,00:00:00:00:00:03
2871,59.470104000,00:00:00:00:00:08,00:00:00:00:00:03
2872,59.470616000,00:00:00:00:00:08,00:00:00:00:00:04
2874,59.473311000,00:00:00:00:00:08,00:00:00:00:00:03
2916,60.470422000,00:00:00:00:00:08,00:00:00:00:00:03
2917,60.472040000,00:00:00:00:00:08,00:00:00:00:00:03
2919,60.474556000,00:00:00:00:00:08,00:00:00:00:00:04
2962,61.469804000,00:00:00:00:00:08,00:00:00:00:00:04
2964,61.472419000,00:00:00:00:00:08,00:00:00:00:00:03
2965,61.475395000,00:00:00:00:00:08,00:00:00:00:00:03
3007,62.469904000,00:00:00:00:00:08,00:00:00:00:00:04
3009,62.472200000,00:00:00:00:00:08,00:00:00:00:00:03
3052,63.471740000,00:00:00:00:00:08,00:00:00:00:00:04
3054,63.472777000,00:00:00:00:00:08,00:00:00:00:00:03
3096,64.469884000,00:00:00:00:00:08,00:00:00:00:00:04
3098,64.472159000,00:00:00:00:00:08,00:00:00:00:00:03
3099,64.474536000,00:00:00:00:00:08,00:00:00:00:00:03
3100,64.477272000,00:00:00:00:00:08,00:00:00:00:00:03
3142,65.469624000,00:00:00:00:00:08,00:00:00:00:00:04
3144,65.470642000,00:00:00:00:00:08,00:00:00:00:00:03
3186,66.469764000,00:00:00:00:00:08,00:00:00:00:00:04
3188,66.472260000,00:00:00:00:00:08,00:00:00:00:00:03
3230,67.471620000,00:00:00:00:00:08,00:00:00:00:00:03
3232,67.474456000,00:00:00:00:00:08,00:00:00:00:00:04
3272,68.469684000,00:00:00:00:00:08,00:00:00:00:00:03
3274,68.470723000,00:00:00:00:00:08,00:00:00:00:00:04
3314,69.469824000,00:00:00:00:00:08,00:00:00:00:00:03
3316,69.474538000,00:00:00:00:00:08,00:00:00:00:00:04
3360,70.470762000,00:00:00:00:00:08,00:00:00:00:00:03
3362,70.474318000,00:00:00:00:00:08,00:00:00:00:00:04
3406,71.469564000,00:00:00:00:00:08,00:00:00:00:00:04
3408,71.472359000,00:00:00:00:00:08,00:00:00:00:00:03
3409,71.474076000,00:00:00:00:00:08,00:00:00:00:00:03
3453,72.469344000,00:00:00:00:00:08,00:00:00:00:00:03
3455,72.473139000,00:00:00:00:00:08,00:00:00:00:00:04
3497,73.469344000,00:00:00:00:00:08,00:00:00:00:00:04
3499,73.474197000,00:00:00:00:00:08,00:00:00:00:00:03
3539,74.469584000,00:00:00:00:00:08,00:00:00:00:00:04
3541,74.470602000,00:00:00:00:00:08,00:00:00:00:00:03
3583,75.469724000,00:00:00:00:00:08,00:00:00:00:00:03
3584,75.470716000,00:00:00:00:00:08,00:00:00:00:00:04
3586,75.476387000,00:00:00:00:00:08,00:00:00:00:00:03
3628,76.472020000,00:00:00:00:00:08,00:00:00:00:00:03
3630,76.474516000,00:00:00:00:00:08,00:00:00:00:00:04
3672,77.469784000,00:00:00:00:00:08,00:00:00:00:00:03
3674,77.473259000,00:00:00:00:00:08,00:00:00:00:00:04
3716,78.472020000,00:00:00:00:00:08,00:00:00:00:00:03
3718,78.474556000,00:00:00:00:00:08,00:00:00:00:00:04
3760,79.470942000,00:00:00:00:00:08,00:00:00:00:00:04
3762,79.473237000,00:00:00:00:00:08,00:00:00:00:00:03
3804,80.469444000,00:00:00:00:00:08,00:00:00:00:00:03
3805,80.471439000,00:00:00:00:00:08,00:00:00:00:00:04
3806,80.472477000,00:00:00:00:00:08,00:00:00:00:00:04
3808,80.474592000,00:00:00:00:00:08,00:00:00:00:00:03
3848,81.470582000,00:00:00:00:00:08,00:00:00:00:00:03
3850,81.472979000,00:00:00:00:00:08,00:00:00:00:00:04
3891,82.470464000,00:00:00:00:00:08,00:00:00:00:00:03
3892,82.470996000,00:00:00:00:00:08,00:00:00:00:00:04
3894,82.474191000,00:00:00:00:00:08,00:00:00:00:00:03
3936,83.470682000,00:00:00:00:00:08,00:00:00:00:00:04
3938,83.471800000,00:00:00:00:00:08,00:00:00:00:00:03
3982,84.469404000,00:00:00:00:00:08,00:00:00:00:00:03
3984,84.474358000,00:00:00:00:00:08,00:00:00:00:00:04
4028,85.469364000,00:00:00:00:00:08,00:00:00:00:00:03
4029,85.471096000,00:00:00:00:00:08,00:00:00:00:00:04
4031,85.473452000,00:00:00:00:00:08,00:00:00:00:00:03
4032,85.480428000,00:00:00:00:00:08,00:00:00:00:00:03
4072,86.469444000,00:00:00:00:00:08,00:00:00:00:00:04
4074,86.473218000,00:00:00:00:00:08,00:00:00:00:00:03
4114,87.469884000,00:00:00:00:00:08,00:00:00:00:00:04
4116,87.473158000,00:00:00:00:00:08,00:00:00:00:00:03
4160,88.470742000,00:00:00:00:00:08,00:00:00:00:00:03
4162,88.472879000,00:00:00:00:00:08,00:00:00:00:00:04
4206,89.469464000,00:00:00:00:00:08,00:00:00:00:00:03
4208,89.470643000,00:00:00:00:00:08,00:00:00:00:00:04
4252,90.469524000,00:00:00:00:00:08,00:00:00:00:00:03
4254,90.471940000,00:00:00:00:00:08,00:00:00:00:00:04
4294,91.469384000,00:00:00:00:00:08,00:00:00:00:00:03
4295,91.470361000,00:00:00:00:00:08,00:00:00:00:00:03
4297,91.472478000,00:00:00:00:00:08,00:00:00:00:00:04
4337,92.469744000,00:00:00:00:00:08,00:00:00:00:00:03
4338,92.470736000,00:00:00:00:00:08,00:00:00:00:00:04
4340,92.476567000,00:00:00:00:00:08,00:00:00:00:00:03
4382,93.471920000,00:00:00:00:00:08,00:00:00:00:00:03
4384,93.474356000,00:00:00:00:00:08,00:00:00:00:00:04
4426,94.471162000,00:00:00:00:00:08,00:00:00:00:00:04
4428,94.472280000,00:00:00:00:00:08,00:00:00:00:00:03
4429,94.475756000,00:00:00:00:00:08,00:00:00:00:00:03
4469,95.472040000,00:00:00:00:00:08,00:00:00:00:00:03
4471,95.474176000,00:00:00:00:00:08,00:00:00:00:00:04
4513,96.470882000,00:00:00:00:00:08,00:00:00:00:00:04
4515,96.473217000,00:00:00:00:00:08,00:00:00:00:00:03
4557,97.469664000,00:00:00:00:00:08,00:00:00:00:00:03
4559,97.472081000,00:00:00:00:00:08,00:00:00:00:00:04
4599,98.470024000,00:00:00:00:00:08,00:00:00:00:00:03
4600,98.470896000,00:00:00:00:00:08,00:00:00:00:00:04
4602,98.476908000,00:00:00:00:00:08,00:00:00:00:00:03
4645,99.469404000,00:00:00:00:00:08,00:00:00:00:00:03
4646,99.470116000,00:00:00:00:00:08,00:00:00:00:00:04
4648,99.475447000,00:00:00:00:00:08,00:00:00:00:00:03
4690,100.469424000,00:00:00:00:00:08,00:00:00:00:00:03
4692,100.471740000,00:00:00:00:00:08,00:00:00:00:00:04
4734,101.469944000,00:00:00:00:00:08,00:00:00:00:00:03
4735,101.470796000,00:00:00:00:00:08,00:00:00:00:00:04
4737,101.476187000,00:00:00:00:00:08,00:00:00:00:00:03
4779,102.470044000,00:00:00:00:00:08,00:00:00:00:00:04
4781,102.472119000,00:00:00:00:00:08,00:00:00:00:00:03
4782,102.474596000,00:00:00:00:00:08,00:00:00:00:00:03
4824,103.472100000,00:00:00:00:00:08,00:00:00:00:00:04
4826,103.474315000,00:00:00:00:00:08,00:00:00:00:00:03
4868,104.472000000,00:00:00:00:00:08,00:00:00:00:00:03
4870,104.474556000,00:00:00:00:00:08,00:00:00:00:00:04
4910,105.469704000,00:00:00:00:00:08,00:00:00:00:00:03
4911,105.470316000,00:00:00:00:00:08,00:00:00:00:00:04
4913,105.472711000,00:00:00:00:00:08,00:00:00:00:00:03
4955,106.470642000,00:00:00:00:00:08,00:00:00:00:00:03
4957,106.474378000,00:00:00:00:00:08,00:00:00:00:00:04
4996,107.469384000,00:00:00:00:00:08,00:00:00:00:00:03
4998,107.474336000,00:00:00:00:00:08,00:00:00:00:00:04
5034,108.469684000,00:00:00:00:00:08,00:00:00:00:00:03
5035,108.471116000,00:00:00:00:00:08,00:00:00:00:00:04
5037,108.472453000,00:00:00:00:00:08,00:00:00:00:00:03
5075,109.471880000,00:00:00:00:00:08,00:00:00:00:00:04
5077,109.474235000,00:00:00:00:00:08,00:00:00:00:00:03
5112,110.472140000,00:00:00:00:00:08,00:00:00:00:00:03
5114,110.474436000,00:00:00:00:00:08,00:00:00:00:00:04
5146,111.470422000,00:00:00:00:00:08,00:00:00:00:00:03
5148,111.474258000,00:00:00:00:00:08,00:00:00:00:00:04
5180,112.469964000,00:00:00:00:00:08,00:00:00:00:00:03
5181,112.470836000,00:00:00:00:00:08,00:00:00:00:00:04
5183,112.474871000,00:00:00:00:00:08,00:00:00:00:00:03
5184,112.480006000,00:00:00:00:00:08,00:00:00:00:00:03
5216,113.470004000,00:00:00:00:00:08,00:00:00:00:00:03
5218,113.472241000,00:00:00:00:00:08,00:00:00:00:00:04
5250,114.469364000,00:00:00:00:00:08,00:00:00:00:00:03
5252,114.473019000,00:00:00:00:00:08,00:00:00:00:00:04
5284,115.469844000,00:00:00:00:00:08,00:00:00:00:00:04
5286,115.473158000,00:00:00:00:00:08,00:00:00:00:00:03
5318,116.470024000,00:00:00:00:00:08,00:00:00:00:00:03
5320,116.471243000,00:00:00:00:00:08,00:00:00:00:00:04
5321,116.476888000,00:00:00:00:00:08,00:00:00:00:00:04
5353,117.470842000,00:00:00:00:00:08,00:00:00:00:00:03
5355,117.474538000,00:00:00:00:00:08,00:00:00:00:00:04
5387,118.469424000,00:00:00:00:00:08,00:00:00:00:00:03
5388,118.470416000,00:00:00:00:00:08,00:00:00:00:00:04
5390,118.473031000,00:00:00:00:00:08,00:00:00:00:00:03
5423,119.469324000,00:00:00:00:00:08,00:00:00:00:00:03
5425,119.474116000,00:00:00:00:00:08,00:00:00:00:00:04
5457,120.470244000,00:00:00:00:00:08,00:00:00:00:00:04
5459,120.471482000,00:00:00:00:00:08,00:00:00:00:00:03
5460,120.475634000,00:00:00:00:00:08,00:00:00:00:00:03
5497,121.469884000,00:00:00:00:00:08,00:00:00:00:00:03
5498,121.470616000,00:00:00:00:00:08,00:00:00:00:00:04
5500,121.475549000,00:00:00:00:00:08,00:00:00:00:00:03
5527,122.471830000,00:00:00:00:00:08,00:00:00:00:00:04
5548,122.726671000,00:00:00:00:00:08,00:00:00:00:00:03
5550,122.729328000,00:00:00:00:00:08,00:00:00:00:00:03
5617,123.469424000,00:00:00:00:00:08,00:00:00:00:00:03
5619,123.473179000,00:00:00:00:00:08,00:00:00:00:00:04
5654,124.470422000,00:00:00:00:00:08,00:00:00:00:00:03
5656,124.471521000,00:00:00:00:00:08,00:00:00:00:00:04
5703,125.469384000,00:00:00:00:00:08,00:00:00:00:00:04
5705,125.474095000,00:00:00:00:00:08,00:00:00:00:00:03
5765,126.469984000,00:00:00:00:00:08,00:00:00:00:00:04
5767,126.471022000,00:00:00:00:00:08,00:00:00:00:00:03
5820,127.469384000,00:00:00:00:00:08,00:00:00:00:00:03
5821,127.470281000,00:00:00:00:00:08,00:00:00:00:00:03
5823,127.472617000,00:00:00:00:00:08,00:00:00:00:00:04
5871,128.469864000,00:00:00:00:00:08,00:00:00:00:00:04
5873,128.473198000,00:00:00:00:00:08,00:00:00:00:00:03
5917,129.469564000,00:00:00:00:00:08,00:00:00:00:00:04
5919,129.471959000,00:00:00:00:00:08,00:00:00:00:00:03
5967,130.471940000,00:00:00:00:00:08,00:00:00:00:00:03
5969,130.473139000,00:00:00:00:00:08,00:00:00:00:00:04
6021,131.469404000,00:00:00:00:00:08,00:00:00:00:00:03
6022,131.470156000,00:00:00:00:00:08,00:00:00:00:00:04
6024,131.473271000,00:00:00:00:00:08,00:00:00:00:00:03
6025,131.480184000,00:00:00:00:00:08,00:00:00:00:00:03
6073,132.471960000,00:00:00:00:00:08,00:00:00:00:00:03
6075,132.474256000,00:00:00:00:00:08,00:00:00:00:00:04
6120,133.469604000,00:00:00:00:00:08,00:00:00:00:00:04
6122,133.472239000,00:00:00:00:00:08,00:00:00:00:00:03
6123,133.474656000,00:00:00:00:00:08,00:00:00:00:00:03
6124,133.475533000,00:00:00:00:00:08,00:00:00:00:00:03
6125,133.482666000,00:00:00:00:00:08,00:00:00:00:00:03
6169,134.470522000,00:00:00:00:00:08,00:00:00:00:00:04
6171,134.472637000,00:00:00:00:00:08,00:00:00:00:00:03
6215,135.469604000,00:00:00:00:00:08,00:00:00:00:00:04
6217,135.472918000,00:00:00:00:00:08,00:00:00:00:00:03
6265,136.469604000,00:00:00:00:00:08,00:00:00:00:00:04
6267,136.472299000,00:00:00:00:00:08,00:00:00:00:00:03
6268,136.473716000,00:00:00:00:00:08,00:00:00:00:00:03
6269,136.480709000,00:00:00:00:00:08,00:00:00:00:00:03
6317,137.471122000,00:00:00:00:00:08,00:00:00:00:00:04
6319,137.472160000,00:00:00:00:00:08,00:00:00:00:00:03
6367,138.471082000,00:00:00:00:00:08,00:00:00:00:00:04
6369,138.472280000,00:00:00:00:00:08,00:00:00:00:00:03
6417,139.469464000,00:00:00:00:00:08,00:00:00:00:00:04
6419,139.474337000,00:00:00:00:00:08,00:00:00:00:00:03
6467,140.470164000,00:00:00:00:00:08,00:00:00:00:00:03
6468,140.471036000,00:00:00:00:00:08,00:00:00:00:00:04
6470,140.474651000,00:00:00:00:00:08,00:00:00:00:00:03
6471,140.478604000,00:00:00:00:00:08,00:00:00:00:00:03
6520,141.469364000,00:00:00:00:00:08,00:00:00:00:00:03
6521,141.470936000,00:00:00:00:00:08,00:00:00:00:00:04
6523,141.476207000,00:00:00:00:00:08,00:00:00:00:00:03
6567,142.469484000,00:00:00:00:00:08,00:00:00:00:00:03
6569,142.472360000,00:00:00:00:00:08,00:00:00:00:00:04
6613,143.469924000,00:00:00:00:00:08,00:00:00:00:00:03
6615,143.472201000,00:00:00:00:00:08,00:00:00:00:00:04
6667,144.469504000,00:00:00:00:00:08,00:00:00:00:00:04
6669,144.470782000,00:00:00:00:00:08,00:00:00:00:00:03
6720,145.469644000,00:00:00:00:00:08,00:00:00:00:00:03
6722,145.473019000,00:00:00:00:00:08,00:00:00:00:00:04
6765,146.469524000,00:00:00:00:00:08,00:00:00:00:00:04
6767,146.473198000,00:00:00:00:00:08,00:00:00:00:00:03
6811,147.469644000,00:00:00:00:00:08,00:00:00:00:00:03
6813,147.473079000,00:00:00:00:00:08,00:00:00:00:00:04
6861,148.470204000,00:00:00:00:00:08,00:00:00:00:00:03
6863,148.471323000,00:00:00:00:00:08,00:00:00:00:00:04
6911,149.469324000,00:00:00:00:00:08,00:00:00:00:00:04
6913,149.472818000,00:00:00:00:00:08,00:00:00:00:00:03
6957,150.472080000,00:00:00:00:00:08,00:00:00:00:00:03
6959,150.473119000,00:00:00:00:00:08,00:00:00:00:00:04
7003,151.470104000,00:00:00:00:00:08,00:00:00:00:00:04
7005,151.471182000,00:00:00:00:00:08,00:00:00:00:00:03
7006,151.476787000,00:00:00:00:00:08,00:00:00:00:00:03
7054,152.469784000,00:00:00:00:00:08,00:00:00:00:00:03
7056,152.471861000,00:00:00:00:00:08,00:00:00:00:00:04
7104,153.470582000,00:00:00:00:00:08,00:00:00:00:00:03
7106,153.473279000,00:00:00:00:00:08,00:00:00:00:00:04
7150,154.471840000,00:00:00:00:00:08,00:00:00:00:00:04
7152,154.473017000,00:00:00:00:00:08,00:00:00:00:00:03
7200,155.469944000,00:00:00:00:00:08,00:00:00:00:00:04
7202,155.470962000,00:00:00:00:00:08,00:00:00:00:00:03
7254,156.471082000,00:00:00:00:00:08,00:00:00:00:00:03
7256,156.473359000,00:00:00:00:00:08,00:00:00:00:00:04
7303,157.469724000,00:00:00:00:00:08,00:00:00:00:00:03
7305,157.473479000,00:00:00:00:00:08,00:00:00:00:00:04
7349,158.469604000,00:00:00:00:00:08,00:00:00:00:00:04
7351,158.473278000,00:00:00:00:00:08,00:00:00:00:00:03
7399,159.469404000,00:00:00:00:00:08,00:00:00:00:00:03
7401,159.472300000,00:00:00:00:00:08,00:00:00:00:00:04
7454,160.471940000,00:00:00:00:00:08,00:00:00:00:00:03
7456,160.476616000,00:00:00:00:00:08,00:00:00:00:00:04
7507,161.472240000,00:00:00:00:00:08,00:00:00:00:00:03
7509,161.474597000,00:00:00:00:00:08,00:00:00:00:00:04
7552,162.469784000,00:00:00:00:00:08,00:00:00:00:00:03
7553,162.470881000,00:00:00:00:00:08,00:00:00:00:00:03
7554,162.471693000,00:00:00:00:00:08,00:00:00:00:00:04
7556,162.480145000,00:00:00:00:00:08,00:00:00:00:00:03
7600,163.471540000,00:00:00:00:00:08,00:00:00:00:00:03
7602,163.474156000,00:00:00:00:00:08,00:00:00:00:00:04
7650,164.469524000,00:00:00:00:00:08,00:00:00:00:00:04
7652,164.470982000,00:00:00:00:00:08,00:00:00:00:00:03
7653,164.473271000,00:00:00:00:00:08,00:00:00:00:00:03
7701,165.472160000,00:00:00:00:00:08,00:00:00:00:00:03
7703,165.473259000,00:00:00:00:00:08,00:00:00:00:00:04
7747,166.469484000,00:00:00:00:00:08,00:00:00:00:00:04
7749,166.472139000,00:00:00:00:00:08,00:00:00:00:00:03
7750,166.475236000,00:00:00:00:00:08,00:00:00:00:00:03
7751,166.477313000,00:00:00:00:00:08,00:00:00:00:00:03
7795,167.469544000,00:00:00:00:00:08,00:00:00:00:00:04
7797,167.471759000,00:00:00:00:00:08,00:00:00:00:00:03
7841,168.470004000,00:00:00:00:00:08,00:00:00:00:00:03
7843,168.472201000,00:00:00:00:00:08,00:00:00:00:00:04
7896,169.469664000,00:00:00:00:00:08,00:00:00:00:00:03
7897,169.470356000,00:00:00:00:00:08,00:00:00:00:00:04
7899,169.472731000,00:00:00:00:00:08,00:00:00:00:00:03
7900,169.476428000,00:00:00:00:00:08,00:00:00:00:00:03
7951,170.472220000,00:00:00:00:00:08,00:00:00:00:00:03
7953,170.473239000,00:00:00:00:00:08,00:00:00:00:00:04
7996,171.469424000,00:00:00:00:00:08,00:00:00:00:00:04
7998,171.470662000,00:00:00:00:00:08,00:00:00:00:00:03
8042,172.469584000,00:00:00:00:00:08,00:00:00:00:00:03
8043,172.470216000,00:00:00:00:00:08,00:00:00:00:00:04
8045,172.473731000,00:00:00:00:00:08,00:00:00:00:00:03
8093,173.470722000,00:00:00:00:00:08,00:00:00:00:00:04
8095,173.472060000,00:00:00:00:00:08,00:00:00:00:00:03
8143,174.469444000,00:00:00:00:00:08,00:00:00:00:00:03
8145,174.470943000,00:00:00:00:00:08,00:00:00:00:00:04
8189,175.469384000,00:00:00:00:00:08,00:00:00:00:00:03
8191,175.470543000,00:00:00:00:00:08,00:00:00:00:00:04
8239,176.469544000,00:00:00:00:00:08,00:00:00:00:00:03
8241,176.474316000,00:00:00:00:00:08,00:00:00:00:00:04
8289,177.469424000,00:00:00:00:00:08,00:00:00:00:00:04
8291,177.474115000,00:00:00:00:00:08,00:00:00:00:00:03
8339,178.469524000,00:00:00:00:00:08,00:00:00:00:00:03
8340,178.470196000,00:00:00:00:00:08,00:00:00:00:00:04
8342,178.476367000,00:00:00:00:00:08,00:00:00:00:00:03
8390,179.469584000,00:00:00:00:00:08,00:00:00:00:00:03
8391,179.470656000,00:00:00:00:00:08,00:00:00:00:00:04
8393,179.471753000,00:00:00:00:00:08,00:00:00:00:00:03
8437,180.469464000,00:00:00:00:00:08,00:00:00:00:00:03
8439,180.472819000,00:00:00:00:00:08,00:00:00:00:00:04
8483,181.469384000,00:00:00:00:00:08,00:00:00:00:00:04
8485,181.471480000,00:00:00:00:00:08,00:00:00:00:00:03
8530,182.469904000,00:00:00:00:00:08,00:00:00:00:00:03
8531,182.470396000,00:00:00:00:00:08,00:00:00:00:00:04
8533,182.473711000,00:00:00:00:00:08,00:00:00:00:00:03
8534,182.479006000,00:00:00:00:00:08,00:00:00:00:00:03
8582,183.469484000,00:00:00:00:00:08,00:00:00:00:00:04
8584,183.472219000,00:00:00:00:00:08,00:00:00:00:00:03
8632,184.471002000,00:00:00:00:00:08,00:00:00:00:00:03
8634,184.473299000,00:00:00:00:00:08,00:00:00:00:00:04
8678,185.472160000,00:00:00:00:00:08,00:00:00:00:00:03
8680,185.474316000,00:00:00:00:00:08,00:00:00:00:00:04
8728,186.469384000,00:00:00:00:00:08,00:00:00:00:00:03
8730,186.474476000,00:00:00:00:00:08,00:00:00:00:00:04
8782,187.471900000,00:00:00:00:00:08,00:00:00:00:00:03
8784,187.473039000,00:00:00:00:00:08,00:00:00:00:00:04
8835,188.469804000,00:00:00:00:00:08,00:00:00:00:00:03
8837,188.471203000,00:00:00:00:00:08,00:00:00:00:00:04
8880,189.469524000,00:00:00:00:00:08,00:00:00:00:00:03
8881,189.470176000,00:00:00:00:00:08,00:00:00:00:00:04
8883,189.476007000,00:00:00:00:00:08,00:00:00:00:00:03
8927,190.469864000,00:00:00:00:00:08,00:00:00:00:00:03
8929,190.474518000,00:00:00:00:00:08,00:00:00:00:00:04
8977,191.469644000,00:00:00:00:00:08,00:00:00:00:00:04
8979,191.471980000,00:00:00:00:00:08,00:00:00:00:00:03
9032,192.469864000,00:00:00:00:00:08,00:00:00:00:00:03
9034,192.473459000,00:00:00:00:00:08,00:00:00:00:00:04
9085,193.469344000,00:00:00:00:00:08,00:00:00:00:00:03
9087,193.473876000,00:00:00:00:00:08,00:00:00:00:00:04
9130,194.469384000,00:00:00:00:00:08,00:00:00:00:00:03
9132,194.471980000,00:00:00:00:00:08,00:00:00:00:00:04
9176,195.469684000,00:00:00:00:00:08,00:00:00:00:00:03
9177,195.470596000,00:00:00:00:00:08,00:00:00:00:00:04
9179,195.474789000,00:00:00:00:00:08,00:00:00:00:00:03
9227,196.469544000,00:00:00:00:00:08,00:00:00:00:00:04
9229,196.472119000,00:00:00:00:00:08,00:00:00:00:00:03
9230,196.473196000,00:00:00:00:00:08,00:00:00:00:00:03
9278,197.469784000,00:00:00:00:00:08,00:00:00:00:00:03
9279,197.470776000,00:00:00:00:00:08,00:00:00:00:00:04
9281,197.473111000,00:00:00:00:00:08,00:00:00:00:00:03
9329,198.469504000,00:00:00:00:00:08,00:00:00:00:00:04
9331,198.471839000,00:00:00:00:00:08,00:00:00:00:00:03
9332,198.473496000,00:00:00:00:00:08,00:00:00:00:00:03
9380,199.469384000,00:00:00:00:00:08,00:00:00:00:00:03
9382,199.474516000,00:00:00:00:00:08,00:00:00:00:00:04
9426,200.469324000,00:00:00:00:00:08,00:00:00:00:00:04
9428,200.470562000,00:00:00:00:00:08,00:00:00:00:00:03
9472,201.471182000,00:00:00:00:00:08,00:00:00:00:00:03
9473,201.472480000,00:00:00:00:00:08,00:00:00:00:00:04
9475,201.476395000,00:00:00:00:00:08,00:00:00:00:00:03
9520,202.469424000,00:00:00:00:00:08,00:00:00:00:00:03
9522,202.474098000,00:00:00:00:00:08,00:00:00:00:00:04
9571,203.470144000,00:00:00:00:00:08,00:00:00:00:00:03
9572,203.470676000,00:00:00:00:00:08,00:00:00:00:00:04
9574,203.474771000,00:00:00:00:00:08,00:00:00:00:00:03
9575,203.478468000,00:00:00:00:00:08,00:00:00:00:00:03
9624,204.469864000,00:00:00:00:00:08,00:00:00:00:00:04
9626,204.472020000,00:00:00:00:00:08,00:00:00:00:00:03
9670,205.469784000,00:00:00:00:00:08,00:00:00:00:00:03
9671,205.470602000,00:00:00:00:00:08,00:00:00:00:00:04
9673,205.473217000,00:00:00:00:00:08,00:00:00:00:00:03
9717,206.469544000,00:00:00:00:00:08,00:00:00:00:00:03
9719,206.471820000,00:00:00:00:00:08,00:00:00:00:00:04
9767,207.469844000,00:00:00:00:00:08,00:00:00:00:00:04
9769,207.471322000,00:00:00:00:00:08,00:00:00:00:00:03
9770,207.475447000,00:00:00:00:00:08,00:00:00:00:00:03
9818,208.469684000,00:00:00:00:00:08,00:00:00:00:00:03
9819,208.470796000,00:00:00:00:00:08,00:00:00:00:00:04
9821,208.473751000,00:00:00:00:00:08,00:00:00:00:00:03
9870,209.469784000,00:00:00:00:00:08,00:00:00:00:00:03
9872,209.472141000,00:00:00:00:00:08,00:00:00:00:00:04
9920,210.470044000,00:00:00:00:00:08,00:00:00:00:00:04
9922,210.471562000,00:00:00:00:00:08,00:00:00:00:00:03
9923,210.476137000,00:00:00:00:00:08,00:00:00:00:00:03
9967,211.471860000,00:00:00:00:00:08,00:00:00:00:00:04
9969,211.474275000,00:00:00:00:00:08,00:00:00:00:00:03
10017,212.470264000,00:00:00:00:00:08,00:00:00:00:00:03
10019,212.473559000,00:00:00:00:00:08,00:00:00:00:00:04
10067,213.470404000,00:00:00:00:00:08,00:00:00:00:00:03
10068,213.471016000,00:00:00:00:00:08,00:00:00:00:00:04
10070,213.474809000,00:00:00:00:00:08,00:00:00:00:00:03
10114,214.470164000,00:00:00:00:00:08,00:00:00:00:00:03
10115,214.471056000,00:00:00:00:00:08,00:00:00:00:00:04
10117,214.474551000,00:00:00:00:00:08,00:00:00:00:00:03
10165,215.470882000,00:00:00:00:00:08,00:00:00:00:00:03
10167,215.473259000,00:00:00:00:00:08,00:00:00:00:00:04
10219,216.471182000,00:00:00:00:00:08,00:00:00:00:00:03
10221,216.472361000,00:00:00:00:00:08,00:00:00:00:00:04
10272,217.471122000,00:00:00:00:00:08,00:00:00:00:00:03
10274,217.472301000,00:00:00:00:00:08,00:00:00:00:00:04
10317,218.469944000,00:00:00:00:00:08,00:00:00:00:00:03
10319,218.473419000,00:00:00:00:00:08,00:00:00:00:00:04
10363,219.469824000,00:00:00:00:00:08,00:00:00:00:00:03
10365,219.470863000,00:00:00:00:00:08,00:00:00:00:00:04
10417,220.469984000,00:00:00:00:00:08,00:00:00:00:00:04
10419,220.472339000,00:00:00:00:00:08,00:00:00:00:00:03
10420,220.473796000,00:00:00:00:00:08,00:00:00:00:00:03
10421,220.479789000,00:00:00:00:00:08,00:00:00:00:00:03
10472,221.469844000,00:00:00:00:00:08,00:00:00:00:00:04
10474,221.470922000,00:00:00:00:00:08,00:00:00:00:00:03
10475,221.474692000,00:00:00:00:00:08,00:00:00:00:00:03
10476,221.476669000,00:00:00:00:00:08,00:00:00:00:00:03
10519,222.469524000,00:00:00:00:00:08,00:00:00:00:00:03
10521,222.470623000,00:00:00:00:00:08,00:00:00:00:00:04
10565,223.469564000,00:00:00:00:00:08,00:00:00:00:00:03
10567,223.471083000,00:00:00:00:00:08,00:00:00:00:00:04
10568,223.476516000,00:00:00:00:00:08,00:00:00:00:00:04
10616,224.469464000,00:00:00:00:00:08,00:00:00:00:00:04
10618,224.470662000,00:00:00:00:00:08,00:00:00:00:00:03
10666,225.470402000,00:00:00:00:00:08,00:00:00:00:00:04
10668,225.473077000,00:00:00:00:00:08,00:00:00:00:00:03
10713,226.469464000,00:00:00:00:00:08,00:00:00:00:00:04
10715,226.470482000,00:00:00:00:00:08,00:00:00:00:00:03
10755,227.469544000,00:00:00:00:00:08,00:00:00:00:00:03
10757,227.470623000,00:00:00:00:00:08,00:00:00:00:00:04
10801,228.471740000,00:00:00:00:00:08,00:00:00:00:00:04
10803,228.474235000,00:00:00:00:00:08,00:00:00:00:00:03
10840,229.469364000,00:00:00:00:00:08,00:00:00:00:00:04
10842,229.470382000,00:00:00:00:00:08,00:00:00:00:00:03
10874,230.469804000,00:00:00:00:00:08,00:00:00:00:00:03
10876,230.473399000,00:00:00:00:00:08,00:00:00:00:00:04
10908,231.471700000,00:00:00:00:00:08,00:00:00:00:00:04
10910,231.473995000,00:00:00:00:00:08,00:00:00:00:00:03
10942,232.469564000,00:00:00:00:00:08,00:00:00:00:00:04
10944,232.471959000,00:00:00:00:00:08,00:00:00:00:00:03
10976,233.469644000,00:00:00:00:00:08,00:00:00:00:00:04
10978,233.470782000,00:00:00:00:00:08,00:00:00:00:00:03
10979,233.475310000,00:00:00:00:00:08,00:00:00:00:00:03
11011,234.471122000,00:00:00:00:00:08,00:00:00:00:00:03
11013,234.472141000,00:00:00:00:00:08,00:00:00:00:00:04
11045,235.469804000,00:00:00:00:00:08,00:00:00:00:00:03
11047,235.473379000,00:00:00:00:00:08,00:00:00:00:00:04
11079,236.469544000,00:00:00:00:00:08,00:00:00:00:00:04
11081,236.472359000,00:00:00:00:00:08,00:00:00:00:00:03
11082,236.474336000,00:00:00:00:00:08,00:00:00:00:00:03
11083,236.477433000,00:00:00:00:00:08,00:00:00:00:00:03
11084,236.483329000,00:00:00:00:00:08,00:00:00:00:00:03
11116,237.469364000,00:00:00:00:00:08,00:00:00:00:00:04
11118,237.471979000,00:00:00:00:00:08,00:00:00:00:00:03
11119,237.474176000,00:00:00:00:00:08,00:00:00:00:00:03
11151,238.469504000,00:00:00:00:00:08,00:00:00:00:00:03
11153,238.471820000,00:00:00:00:00:08,00:00:00:00:00:04
11185,239.470164000,00:00:00:00:00:08,00:00:00:00:00:03
11186,239.471116000,00:00:00:00:00:08,00:00:00:00:00:04
11188,239.475969000,00:00:00:00:00:08,00:00:00:00:00:03
11220,240.469344000,00:00:00:00:00:08,00:00:00:00:00:04
11222,240.472459000,00:00:00:00:00:08,00:00:00:00:00:03
11223,240.474196000,00:00:00:00:00:08,00:00:00:00:00:03
11224,240.477553000,00:00:00:00:00:08,00:00:00:00:00:03
11256,241.469524000,00:00:00:00:00:08,00:00:00:00:00:04
11258,241.471980000,00:00:00:00:00:08,00:00:00:00:00:03
11259,241.474917000,00:00:00:00:00:08,00:00:00:00:00:03
11296,242.469644000,00:00:00:00:00:08,00:00:00:00:00:03
11298,242.471821000,00:00:00:00:00:08,00:00:00:00:00:04
11347,243.475311000,00:00:00:00:00:08,00:00:00:00:00:03
11352,243.482833000,00:00:00:00:00:08,00:00:00:00:00:04
11384,244.469564000,00:00:00:00:00:08,00:00:00:00:00:03
11386,244.470883000,00:00:00:00:00:08,00:00:00:00:00:04
11418,245.469744000,00:00:00:00:00:08,00:00:00:00:00:04
11420,245.471222000,00:00:00:00:00:08,00:00:00:00:00:03
11452,246.470442000,00:00:00:00:00:08,00:00:00:00:00:03
11454,246.474118000,00:00:00:00:00:08,00:00:00:00:00:04
11486,247.469624000,00:00:00:00:00:08,00:00:00:00:00:03
11488,247.473379000,00:00:00:00:00:08,00:00:00:00:00:04
11520,248.470422000,00:00:00:00:00:08,00:00:00:00:00:03
11522,248.474258000,00:00:00:00:00:08,00:00:00:00:00:04
11554,249.471840000,00:00:00:00:00:08,00:00:00:00:00:04
11556,249.473177000,00:00:00:00:00:08,00:00:00:00:00:03
11588,250.469984000,00:00:00:00:00:08,00:00:00:00:00:03
11589,250.470656000,00:00:00:00:00:08,00:00:00:00:00:04
11591,250.474031000,00:00:00:00:00:08,00:00:00:00:00:03
11592,250.477224000,00:00:00:00:00:08,00:00:00:00:00:03
11624,251.469364000,00:00:00:00:00:08,00:00:00:00:00:03
11626,251.470523000,00:00:00:00:00:08,00:00:00:00:00:04
11658,252.470004000,00:00:00:00:00:08,00:00:00:00:00:03
11660,252.472561000,00:00:00:00:00:08,00:00:00:00:00:04
11692,253.470204000,00:00:00:00:00:08,00:00:00:00:00:04
11694,253.472459000,00:00:00:00:00:08,00:00:00:00:00:03
11695,253.474416000,00:00:00:00:00:08,00:00:00:00:00:03
11727,254.469884000,00:00:00:00:00:08,00:00:00:00:00:03
11729,254.471921000,00:00:00:00:00:08,00:00:00:00:00:04
11761,255.469404000,00:00:00:00:00:08,00:00:00:00:00:03
11763,255.472819000,00:00:00:00:00:08,00:00:00:00:00:04
11795,256.471780000,00:00:00:00:00:08,00:00:00:00:00:03
11797,256.474456000,00:00:00:00:00:08,00:00:00:00:00:04
11829,257.469444000,00:00:00:00:00:08,00:00:00:00:00:03
11831,257.471900000,00:00:00:00:00:08,00:00:00:00:00:04
11863,258.471760000,00:00:00:00:00:08,00:00:00:00:00:03
11865,258.474276000,00:00:00:00:00:08,00:00:00:00:00:04
11897,259.469484000,00:00:00:00:00:08,00:00:00:00:00:04
11899,259.470982000,00:00:00:00:00:08,00:00:00:00:00:03
11931,260.469484000,00:00:00:00:00:08,00:00:00:00:00:03
11933,260.470603000,00:00:00:00:00:08,00:00:00:00:00:04
11965,261.470104000,00:00:00:00:00:08,00:00:00:00:00:03
11966,261.470856000,00:00:00:00:00:08,00:00:00:00:00:04
11968,261.476067000,00:00:00:00:00:08,00:00:00:00:00:03
12000,262.469904000,00:00:00:00:00:08,00:00:00:00:00:04
12002,262.471182000,00:00:00:00:00:08,00:00:00:00:00:03
12003,262.472992000,00:00:00:00:00:08,00:00:00:00:00:03
12035,263.470004000,00:00:00:00:00:08,00:00:00:00:00:03
12037,263.473179000,00:00:00:00:00:08,00:00:00:00:00:04
12069,264.470084000,00:00:00:00:00:08,00:00:00:00:00:03
12070,264.470956000,00:00:00:00:00:08,00:00:00:00:00:04
12072,264.474191000,00:00:00:00:00:08,00:00:00:00:00:03
12104,265.471640000,00:00:00:00:00:08,00:00:00:00:00:03
12106,265.474296000,00:00:00:00:00:08,00:00:00:00:00:04
12138,266.469584000,00:00:00:00:00:08,00:00:00:00:00:03
12140,266.472779000,00:00:00:00:00:08,00:00:00:00:00:04
12172,267.469704000,00:00:00:00:00:08,00:00:00:00:00:04
12174,267.471082000,00:00:00:00:00:08,00:00:00:00:00:03
12206,268.469364000,00:00:00:00:00:08,00:00:00:00:00:04
12208,268.470462000,00:00:00:00:00:08,00:00:00:00:00:03
12240,269.470982000,00:00:00:00:00:08,00:00:00:00:00:04
12241,269.472240000,00:00:00:00:00:08,00:00:00:00:00:03
12243,269.473799000,00:00:00:00:00:08,00:00:00:00:00:04
12275,270.470564000,00:00:00:00:00:08,00:00:00:00:00:03
12276,270.470996000,00:00:00:00:00:08,00:00:00:00:00:04
12278,270.472053000,00:00:00:00:00:08,00:00:00:00:00:03
12310,271.469944000,00:00:00:00:00:08,00:00:00:00:00:04
12312,271.471262000,00:00:00:00:00:08,00:00:00:00:00:03
12313,271.475547000,00:00:00:00:00:08,00:00:00:00:00:03
12345,272.471362000,00:00:00:00:00:08,00:00:00:00:00:03
12347,272.472421000,00:00:00:00:00:08,00:00:00:00:00:04
12379,273.469924000,00:00:00:00:00:08,00:00:00:00:00:03
12381,273.472200000,00:00:00:00:00:08,00:00:00:00:00:04
12413,274.469724000,00:00:00:00:00:08,00:00:00:00:00:03
12415,274.472020000,00:00:00:00:00:08,00:00:00:00:00:04
12447,275.469504000,00:00:00:00:00:08,00:00:00:00:00:03
12448,275.470496000,00:00:00:00:00:08,00:00:00:00:00:04
12450,275.473251000,00:00:00:00:00:08,00:00:00:00:00:03
12482,276.469564000,00:00:00:00:00:08,00:00:00:00:00:03
12484,276.470623000,00:00:00:00:00:08,00:00:00:00:00:04
12516,277.469444000,00:00:00:00:00:08,00:00:00:00:00:03
12517,277.470296000,00:00:00:00:00:08,00:00:00:00:00:04
12519,277.473989000,00:00:00:00:00:08,00:00:00:00:00:03
12551,278.469484000,00:00:00:00:00:08,00:00:00:00:00:03
12552,278.470361000,00:00:00:00:00:08,00:00:00:00:00:03
12554,278.471380000,00:00:00:00:00:08,00:00:00:00:00:04
12586,279.470084000,00:00:00:00:00:08,00:00:00:00:00:04
12588,279.471242000,00:00:00:00:00:08,00:00:00:00:00:03
12620,280.470204000,00:00:00:00:00:08,00:00:00:00:00:03
12621,280.470896000,00:00:00:00:00:08,00:00:00:00:00:04
12623,280.476808000,00:00:00:00:00:08,00:00:00:00:00:03
12655,281.469364000,00:00:00:00:00:08,00:00:00:00:00:04
12657,281.474275000,00:00:00:00:00:08,00:00:00:00:00:03
12689,282.469484000,00:00:00:00:00:08,00:00:00:00:00:03
12690,282.470136000,00:00:00:00:00:08,00:00:00:00:00:04
12692,282.475389000,00:00:00:00:00:08,00:00:00:00:00:03
12724,283.469984000,00:00:00:00:00:08,00:00:00:00:00:03
12725,283.470576000,00:00:00:00:00:08,00:00:00:00:00:04
12727,283.472811000,00:00:00:00:00:08,00:00:00:00:00:03
12760,284.469644000,00:00:00:00:00:08,00:00:00:00:00:03
12762,284.471861000,00:00:00:00:00:08,00:00:00:00:00:04
12794,285.470802000,00:00:00:00:00:08,00:00:00:00:00:04
12796,285.471880000,00:00:00:00:00:08,00:00:00:00:00:03
12828,286.469624000,00:00:00:00:00:08,00:00:00:00:00:03
12830,286.474518000,00:00:00:00:00:08,00:00:00:00:00:04
12862,287.469384000,00:00:00:00:00:08,00:00:00:00:00:03
12864,287.472899000,00:00:00:00:00:08,00:00:00:00:00:04
12896,288.469344000,00:00:00:00:00:08,00:00:00:00:00:03
12898,288.473419000,00:00:00:00:00:08,00:00:00:00:00:04
12930,289.472000000,00:00:00:00:00:08,00:00:00:00:00:04
12932,289.474335000,00:00:00:00:00:08,00:00:00:00:00:03
12964,290.469504000,00:00:00:00:00:08,00:00:00:00:00:04
12966,290.473258000,00:00:00:00:00:08,00:00:00:00:00:03
12998,291.469864000,00:00:00:00:00:08,00:00:00:00:00:03
12999,291.470756000,00:00:00:00:00:08,00:00:00:00:00:04
13001,291.476347000,00:00:00:00:00:08,00:00:00:00:00:03
13033,292.469424000,00:00:00:00:00:08,00:00:00:00:00:03
13035,292.470483000,00:00:00:00:00:08,00:00:00:00:00:04
13067,293.469824000,00:00:00:00:00:08,00:00:00:00:00:03
13069,293.470943000,00:00:00:00:00:08,00:00:00:00:00:04
13101,294.470602000,00:00:00:00:00:08,00:00:00:00:00:03
13103,294.473998000,00:00:00:00:00:08,00:00:00:00:00:04
13135,295.469324000,00:00:00:00:00:08,00:00:00:00:00:04
13137,295.471759000,00:00:00:00:00:08,00:00:00:00:00:03
13138,295.476612000,00:00:00:00:00:08,00:00:00:00:00:03
13170,296.469624000,00:00:00:00:00:08,00:00:00:00:00:04
13172,296.473995000,00:00:00:00:00:08,00:00:00:00:00:03
13204,297.469364000,00:00:00:00:00:08,00:00:00:00:00:04
13206,297.474295000,00:00:00:00:00:08,00:00:00:00:00:03
13238,298.469804000,00:00:00:00:00:08,00:00:00:00:00:03
13239,298.470441000,00:00:00:00:00:08,00:00:00:00:00:03
13241,298.472997000,00:00:00:00:00:08,00:00:00:00:00:04
13273,299.469504000,00:00:00:00:00:08,00:00:00:00:00:03
13275,299.473019000,00:00:00:00:00:08,00:00:00:00:00:04
13307,300.470782000,00:00:00:00:00:08,00:00:00:00:00:03
13309,300.471961000,00:00:00:00:00:08,00:00:00:00:00:04
13310,300.473319000,00:00:00:00:00:08,00:00:00:00:00:04
13342,301.469504000,00:00:00:00:00:08,00:00:00:00:00:04
13344,301.470542000,00:00:00:00:00:08,00:00:00:00:00:03
13376,302.470124000,00:00:00:00:00:08,00:00:00:00:00:03
13377,302.471016000,00:00:00:00:00:08,00:00:00:00:00:04
13379,302.472133000,00:00:00:00:00:08,00:00:00:00:00:03
13411,303.471202000,00:00:00:00:00:08,00:00:00:00:00:03
13413,303.474498000,00:00:00:00:00:08,00:00:00:00:00:04
13445,304.469344000,00:00:00:00:00:08,00:00:00:00:00:04
13447,304.472598000,00:00:00:00:00:08,00:00:00:00:00:03
13448,304.474017000,00:00:00:00:00:08,00:00:00:00:00:03
13480,305.470542000,00:00:00:00:00:08,00:00:00:00:00:03
13482,305.471821000,00:00:00:00:00:08,00:00:00:00:00:04
13515,306.469444000,00:00:00:00:00:08,00:00:00:00:00:03
13517,306.473079000,00:00:00:00:00:08,00:00:00:00:00:04
13549,307.469504000,00:00:00:00:00:08,00:00:00:00:00:04
13551,307.472219000,00:00:00:00:00:08,00:00:00:00:00:03
13552,307.473556000,00:00:00:00:00:08,00:00:00:00:00:03
13553,307.474773000,00:00:00:00:00:08,00:00:00:00:00:03
13585,308.469384000,00:00:00:00:00:08,00:00:00:00:00:03
13586,308.470036000,00:00:00:00:00:08,00:00:00:00:00:04
13588,308.473431000,00:00:00:00:00:08,00:00:00:00:00:03
13620,309.469344000,00:00:00:00:00:08,00:00:00:00:00:04
13622,309.472938000,00:00:00:00:00:08,00:00:00:00:00:03
13654,310.471880000,00:00:00:00:00:08,00:00:00:00:00:03
13656,310.472979000,00:00:00:00:00:08,00:00:00:00:00:04
13688,311.469504000,00:00:00:00:00:08,00:00:00:00:00:03
13689,311.470116000,00:00:00:00:00:08,00:00:00:00:00:04
13691,311.471313000,00:00:00:00:00:08,00:00:00:00:00:03
13724,312.469424000,00:00:00:00:00:08,00:00:00:00:00:04
13726,312.470622000,00:00:00:00:00:08,00:00:00:00:00:03
13758,313.469484000,00:00:00:00:00:08,00:00:00:00:00:04
13760,313.472379000,00:00:00:00:00:08,00:00:00:00:00:03
13761,313.477012000,00:00:00:00:00:08,00:00:00:00:00:03
13793,314.470484000,00:00:00:00:00:08,00:00:00:00:00:03
13794,314.471096000,00:00:00:00:00:08,00:00:00:00:00:04
13796,314.475191000,00:00:00:00:00:08,00:00:00:00:00:03
13797,314.478844000,00:00:00:00:00:08,00:00:00:00:00:03
13829,315.472300000,00:00:00:00:00:08,00:00:00:00:00:03
13831,315.473499000,00:00:00:00:00:08,00:00:00:00:00:04
13863,316.469604000,00:00:00:00:00:08,00:00:00:00:00:03
13865,316.473916000,00:00:00:00:00:08,00:00:00:00:00:04
13897,317.471980000,00:00:00:00:00:08,00:00:00:00:00:04
13899,317.473077000,00:00:00:00:00:08,00:00:00:00:00:03
13931,318.469404000,00:00:00:00:00:08,00:00:00:00:00:04
13933,318.471899000,00:00:00:00:00:08,00:00:00:00:00:03
13934,318.473416000,00:00:00:00:00:08,00:00:00:00:00:03
13966,319.470344000,00:00:00:00:00:08,00:00:00:00:00:03
13967,319.470936000,00:00:00:00:00:08,00:00:00:00:00:04
13969,319.473751000,00:00:00:00:00:08,00:00:00:00:00:03
14001,320.469444000,00:00:00:00:00:08,00:00:00:00:00:03
14003,320.473019000,00:00:00:00:00:08,00:00:00:00:00:04
14036,321.469924000,00:00:00:00:00:08,00:00:00:00:00:04
14038,321.472499000,00:00:00:00:00:08,00:00:00:00:00:03
14039,321.475135000,00:00:00:00:00:08,00:00:00:00:00:03
14071,322.472180000,00:00:00:00:00:08,00:00:00:00:00:03
14073,322.474356000,00:00:00:00:00:08,00:00:00:00:00:04
14105,323.471900000,00:00:00:00:00:08,00:00:00:00:00:03
14107,323.473159000,00:00:00:00:00:08,00:00:00:00:00:04
14139,324.469624000,00:00:00:00:00:08,00:00:00:00:00:03
14140,324.471819000,00:00:00:00:00:08,00:00:00:00:00:04
14142,324.474114000,00:00:00:00:00:08,00:00:00:00:00:03
14175,325.469684000,00:00:00:00:00:08,00:00:00:00:00:03
14176,325.470296000,00:00:00:00:00:08,00:00:00:00:00:04
14178,325.476148000,00:00:00:00:00:08,00:00:00:00:00:03
14210,326.469364000,00:00:00:00:00:08,00:00:00:00:00:03
14212,326.474298000,00:00:00:00:00:08,00:00:00:00:00:04
14244,327.469444000,00:00:00:00:00:08,00:00:00:00:00:03
14245,327.470221000,00:00:00:00:00:08,00:00:00:00:00:03
14247,327.472358000,00:00:00:00:00:08,00:00:00:00:00:04
14279,328.472260000,00:00:00:00:00:08,00:00:00:00:00:04
14281,328.474335000,00:00:00:00:00:08,00:00:00:00:00:03
14313,329.469644000,00:00:00:00:00:08,00:00:00:00:00:03
14315,329.474538000,00:00:00:00:00:08,00:00:00:00:00:04
14347,330.470622000,00:00:00:00:00:08,00:00:00:00:00:03
14349,330.471661000,00:00:00:00:00:08,00:00:00:00:00:04
14382,331.469404000,00:00:00:00:00:08,00:00:00:00:00:04
14384,331.472439000,00:00:00:00:00:08,00:00:00:00:00:03
14385,331.477192000,00:00:00:00:00:08,00:00:00:00:00:03
14418,332.471700000,00:00:00:00:00:08,00:00:00:00:00:04
14420,332.472977000,00:00:00:00:00:08,00:00:00:00:00:03
14452,333.471960000,00:00:00:00:00:08,00:00:00:00:00:04
14454,333.473097000,00:00:00:00:00:08,00:00:00:00:00:03
14487,334.469684000,00:00:00:00:00:08,00:00:00:00:00:04
14489,334.471162000,00:00:00:00:00:08,00:00:00:00:00:03
14490,334.476668000,00:00:00:00:00:08,00:00:00:00:00:03
14522,335.470862000,00:00:00:00:00:08,00:00:00:00:00:03
14524,335.474398000,00:00:00:00:00:08,00:00:00:00:00:04
14556,336.469664000,00:00:00:00:00:08,00:00:00:00:00:03
14558,336.473419000,00:00:00:00:00:08,00:00:00:00:00:04
14590,337.469804000,00:00:00:00:00:08,00:00:00:00:00:03
14592,337.472300000,00:00:00:00:00:08,00:00:00:00:00:04
14624,338.469524000,00:00:00:00:00:08,00:00:00:00:00:03
14626,338.474236000,00:00:00:00:00:08,00:00:00:00:00:04
14658,339.469644000,00:00:00:00:00:08,00:00:00:00:00:04
14660,339.470842000,00:00:00:00:00:08,00:00:00:00:00:03
14692,340.469384000,00:00:00:00:00:08,00:00:00:00:00:03
14693,340.470276000,00:00:00:00:00:08,00:00:00:00:00:04
14695,340.476068000,00:00:00:00:00:08,00:00:00:00:00:03
14727,341.469364000,00:00:00:00:00:08,00:00:00:00:00:03
14729,341.471960000,00:00:00:00:00:08,00:00:00:00:00:04
14761,342.469624000,00:00:00:00:00:08,00:00:00:00:00:04
14763,342.473258000,00:00:00:00:00:08,00:00:00:00:00:03
14795,343.469604000,00:00:00:00:00:08,00:00:00:00:00:04
14797,343.471940000,00:00:00:00:00:08,00:00:00:00:00:03
14829,344.470442000,00:00:00:00:00:08,00:00:00:00:00:03
14831,344.472739000,00:00:00:00:00:08,00:00:00:00:00:04
14863,345.469424000,00:00:00:00:00:08,00:00:00:00:00:04
14865,345.471840000,00:00:00:00:00:08,00:00:00:00:00:03
14897,346.470862000,00:00:00:00:00:08,00:00:00:00:00:04
14899,346.471900000,00:00:00:00:00:08,00:00:00:00:00:03
14936,347.469544000,00:00:00:00:00:08,00:00:00:00:00:04
14938,347.470782000,00:00:00:00:00:08,00:00:00:00:00:03
14970,348.469464000,00:00:00:00:00:08,00:00:00:00:00:03
14971,348.470236000,00:00:00:00:00:08,00:00:00:00:00:04
14973,348.474389000,00:00:00:00:00:08,00:00:00:00:00:03
15005,349.469604000,00:00:00:00:00:08,00:00:00:00:00:04
15007,349.470682000,00:00:00:00:00:08,00:00:00:00:00:03
15042,350.469544000,00:00:00:00:00:08,00:00:00:00:00:04
15044,350.472139000,00:00:00:00:00:08,00:00:00:00:00:03
15045,350.475215000,00:00:00:00:00:08,00:00:00:00:00:03
15095,351.469364000,00:00:00:00:00:08,00:00:00:00:00:04
15097,351.472059000,00:00:00:00:00:08,00:00:00:00:00:03
15098,351.473995000,00:00:00:00:00:08,00:00:00:00:00:03
15134,352.470004000,00:00:00:00:00:08,00:00:00:00:00:04
15136,352.471142000,00:00:00:00:00:08,00:00:00:00:00:03
15172,353.471022000,00:00:00:00:00:08,00:00:00:00:00:04
15174,353.472140000,00:00:00:00:00:08,00:00:00:00:00:03
15214,354.469804000,00:00:00:00:00:08,00:00:00:00:00:03
15215,354.470956000,00:00:00:00:00:08,00:00:00:00:00:04
15217,354.474251000,00:00:00:00:00:08,00:00:00:00:00:03
15218,354.480666000,00:00:00:00:00:08,00:00:00:00:00:03
15258,355.472220000,00:00:00:00:00:08,00:00:00:00:00:03
15260,355.473319000,00:00:00:00:00:08,00:00:00:00:00:04
15296,356.472000000,00:00:00:00:00:08,00:00:00:00:00:04
15298,356.473097000,00:00:00:00:00:08,00:00:00:00:00:03
15334,357.469364000,00:00:00:00:00:08,00:00:00:00:00:04
15336,357.473258000,00:00:00:00:00:08,00:00:00:00:00:03
15372,358.470024000,00:00:00:00:00:08,00:00:00:00:00:03
15374,358.472441000,00:00:00:00:00:08,00:00:00:00:00:04
15414,359.472120000,00:00:00:00:00:08,00:00:00:00:00:04
15416,359.474155000,00:00:00:00:00:08,00:00:00:00:00:03
15456,360.469644000,00:00:00:00:00:08,00:00:00:00:00:03
15458,360.472120000,00:00:00:00:00:08,00:00:00:00:00:04
15494,361.469584000,00:00:00:00:00:08,00:00:00:00:00:03
15496,361.473179000,00:00:00:00:00:08,00:00:00:00:00:04
15533,362.469824000,00:00:00:00:00:08,00:00:00:00:00:04
15535,362.472119000,00:00:00:00:00:08,00:00:00:00:00:03
15536,362.473975000,00:00:00:00:00:08,00:00:00:00:00:03
15572,363.470244000,00:00:00:00:00:08,00:00:00:00:00:03
15573,363.471879000,00:00:00:00:00:08,00:00:00:00:00:04
15575,363.476153000,00:00:00:00:00:08,00:00:00:00:00:03
20415,469.473307000,00:00:00:00:00:08,00:00:00:00:00:03
20420,469.478270000,00:00:00:00:00:08,00:00:00:00:00:04
20452,470.469604000,00:00:00:00:00:08,00:00:00:00:00:04
20454,470.474175000,00:00:00:00:00:08,00:00:00:00:00:03
20486,471.469384000,00:00:00:00:00:08,00:00:00:00:00:04
20488,471.471679000,00:00:00:00:00:08,00:00:00:00:00:03
20489,471.472316000,00:00:00:00:00:08,00:00:00:00:00:03
20521,472.469444000,00:00:00:00:00:08,00:00:00:00:00:04
20523,472.472259000,00:00:00:00:00:08,00:00:00:00:00:03
20524,472.475196000,00:00:00:00:00:08,00:00:00:00:00:03
20525,472.481709000,00:00:00:00:00:08,00:00:00:00:00:03
20557,473.471760000,00:00:00:00:00:08,00:00:00:00:00:03
20559,473.474076000,00:00:00:00:00:08,00:00:00:00:00:04
20591,474.469984000,00:00:00:00:00:08,00:00:00:00:00:03
20592,474.470816000,00:00:00:00:00:08,00:00:00:00:00:04
20594,474.472931000,00:00:00:00:00:08,00:00:00:00:00:03
20626,475.471002000,00:00:00:00:00:08,00:00:00:00:00:03
20628,475.472281000,00:00:00:00:00:08,00:00:00:00:00:04
20660,476.470144000,00:00:00:00:00:08,00:00:00:00:00:04
20662,476.471222000,00:00:00:00:00:08,00:00:00:00:00:03
20694,477.469744000,00:00:00:00:00:08,00:00:00:00:00:03
20695,477.470276000,00:00:00:00:00:08,00:00:00:00:00:04
20697,477.473051000,00:00:00:00:00:08,00:00:00:00:00:03
20729,478.469384000,00:00:00:00:00:08,00:00:00:00:00:04
20731,478.471999000,00:00:00:00:00:08,00:00:00:00:00:03
20763,479.469424000,00:00:00:00:00:08,00:00:00:00:00:04
20765,479.472938000,00:00:00:00:00:08,00:00:00:00:00:03
20797,480.469864000,00:00:00:00:00:08,00:00:00:00:00:03
20798,480.470816000,00:00:00:00:00:08,00:00:00:00:00:04
20800,480.471973000,00:00:00:00:00:08,00:00:00:00:00:03
20832,481.469644000,00:00:00:00:00:08,00:00:00:00:00:04
20834,481.474255000,00:00:00:00:00:08,00:00:00:00:00:03
20866,482.470582000,00:00:00:00:00:08,00:00:00:00:00:04
20868,482.474116000,00:00:00:00:00:08,00:00:00:00:00:03
20900,483.469444000,00:00:00:00:00:08,00:00:00:00:00:03
20902,483.473399000,00:00:00:00:00:08,00:00:00:00:00:04
20934,484.469384000,00:00:00:00:00:08,00:00:00:00:00:04
20936,484.470662000,00:00:00:00:00:08,00:00:00:00:00:03
20977,485.469524000,00:00:00:00:00:08,00:00:00:00:00:04
20979,485.470662000,00:00:00:00:00:08,00:00:00:00:00:03
21031,486.469724000,00:00:00:00:00:08,00:00:00:00:00:03
21032,486.470656000,00:00:00:00:00:08,00:00:00:00:00:04
21034,486.476127000,00:00:00:00:00:08,00:00:00:00:00:03
21070,487.469504000,00:00:00:00:00:08,00:00:00:00:00:03
21072,487.472280000,00:00:00:00:00:08,00:00:00:00:00:04
21108,488.470044000,00:00:00:00:00:08,00:00:00:00:00:04
21110,488.471242000,00:00:00:00:00:08,00:00:00:00:00:03
21111,488.473052000,00:00:00:00:00:08,00:00:00:00:00:03
21151,489.469704000,00:00:00:00:00:08,00:00:00:00:00:04
21153,489.471042000,00:00:00:00:00:08,00:00:00:00:00:03
21154,489.474035000,00:00:00:00:00:08,00:00:00:00:00:03
21194,490.469444000,00:00:00:00:00:08,00:00:00:00:00:04
21196,490.472998000,00:00:00:00:00:08,00:00:00:00:00:03
21232,491.472040000,00:00:00:00:00:08,00:00:00:00:00:04
21234,491.474335000,00:00:00:00:00:08,00:00:00:00:00:03
21270,492.469484000,00:00:00:00:00:08,00:00:00:00:00:03
21271,492.470321000,00:00:00:00:00:08,00:00:00:00:00:03
21273,492.471420000,00:00:00:00:00:08,00:00:00:00:00:04
21309,493.471920000,00:00:00:00:00:08,00:00:00:00:00:03
21311,493.472959000,00:00:00:00:00:08,00:00:00:00:00:04
21312,493.476336000,00:00:00:00:00:08,00:00:00:00:00:04
21348,494.470084000,00:00:00:00:00:08,00:00:00:00:00:04
21350,494.471282000,00:00:00:00:00:08,00:00:00:00:00:03
21351,494.474512000,00:00:00:00:00:08,00:00:00:00:00:03
21391,495.469664000,00:00:00:00:00:08,00:00:00:00:00:04
21393,495.470742000,00:00:00:00:00:08,00:00:00:00:00:03
21433,496.469804000,00:00:00:00:00:08,00:00:00:00:00:03
21434,496.470956000,00:00:00:00:00:08,00:00:00:00:00:04
21436,496.473831000,00:00:00:00:00:08,00:00:00:00:00:03
