frame.number,frame.time_relative,ip.src,ip.dst
122,0.818038000,,
235,1.315541000,,
247,1.499959000,,
248,1.500716000,,
250,1.559165000,,
296,2.499959000,,
297,2.500736000,,
316,3.499959000,,
317,3.502654000,,
318,3.505744000,,
336,4.499959000,,
337,4.500616000,,
338,4.507419000,,
359,5.499959000,,
360,5.500656000,,
378,6.499959000,,
379,6.503112000,,
397,7.499959000,,
398,7.500856000,,
417,8.499959000,,
418,8.502355000,,
437,9.499959000,,
438,9.500956000,,
456,10.499959000,,
457,10.505187000,,
476,11.499959000,,
477,11.503252000,,
478,11.508084000,,
496,12.499959000,,
497,12.504190000,,
515,13.499959000,,
516,13.500976000,,
534,14.499959000,,
535,14.503352000,,
554,15.499959000,,
555,15.503292000,,
573,16.499959000,,
574,16.502175000,,
595,17.499959000,,
596,17.501974000,,
597,17.504344000,,
615,18.499959000,,
616,18.502214000,,
617,18.505664000,,
618,18.513097000,,
637,19.499959000,,
638,19.504450000,,
656,20.499959000,,
657,20.503732000,,
658,20.504449000,,
676,21.499959000,,
677,21.502235000,,
697,22.499959000,,
698,22.501754000,,
716,23.499959000,,
717,23.501136000,,
718,23.503963000,,
719,23.504580000,,
737,24.499959000,,
738,24.504550000,,
758,25.499959000,,
759,25.500856000,,
778,26.499959000,,
779,26.505609000,,
799,27.499959000,,
800,27.502074000,,
801,27.507239000,,
821,28.499959000,,
822,28.505489000,,
840,29.499959000,,
841,29.500676000,,
860,30.499959000,,
861,30.501016000,,
862,30.507759000,,
880,31.499959000,,
881,31.501576000,,
882,31.508440000,,
902,32.499959000,,
903,32.501316000,,
904,32.505103000,,
905,32.511676000,,
924,33.499959000,,
925,33.505587000,,
945,34.499959000,,
946,34.505247000,,
965,35.499959000,,
966,35.503572000,,
985,36.499959000,,
986,36.500616000,,
1004,37.499959000,,
1005,37.502395000,,
1027,38.499959000,,
1028,38.500596000,,
1046,39.499959000,,
1047,39.503292000,,
1048,39.508204000,,
1068,40.499959000,,
1069,40.503412000,,
1070,40.504229000,,
1088,41.499959000,,
1089,41.503332000,,
1107,42.499959000,,
1108,42.503412000,,
1126,43.499959000,,
1127,43.501794000,,
1145,44.499959000,,
1146,44.500596000,,
1165,45.499959000,,
1166,45.503592000,,
1184,46.499959000,,
1185,46.502454000,,
1186,46.504604000,,
1205,47.499959000,,
1206,47.504250000,,
1225,48.499959000,,
1226,48.504470000,,
1245,49.499959000,,
1246,49.503632000,,
1247,49.508224000,,
1265,50.499959000,,
1266,50.501714000,,
1284,51.499959000,,
1285,51.502034000,,
1286,51.505564000,,
1304,52.499959000,,
1305,52.503372000,,
1323,53.499959000,,
1324,53.504450000,,
1342,54.499959000,,
1343,54.503392000,,
1362,55.499959000,,
1363,55.502474000,,
1382,56.499959000,,
1383,56.501396000,,
1384,56.507404000,,
1403,57.499959000,,
1404,57.504090000,,
1422,58.499959000,,
1423,58.501476000,,
1441,59.499959000,,
1442,59.503512000,,
1460,60.499959000,,
1461,60.500836000,,
1480,61.499959000,,
1481,61.500576000,,
1500,62.499959000,,
1501,62.503452000,,
1520,63.499959000,,
1521,63.501874000,,
1522,63.506542000,,
1541,64.499959000,,
1542,64.500676000,,
1561,65.499959000,,
1562,65.503352000,,
1582,66.499959000,,
1583,66.501016000,,
1602,67.499959000,,
1603,67.500716000,,
1622,68.499959000,,
1623,68.502535000,,
1641,69.499959000,,
1642,69.503432000,,
1661,70.499959000,,
1662,70.504550000,,
1680,71.499959000,,
1681,71.503572000,,
1682,71.505409000,,
1700,72.499959000,,
1701,72.504070000,,
1720,73.499959000,,
1721,73.503292000,,
1740,74.499959000,,
1741,74.503772000,,
1742,74.506809000,,
1743,74.509466000,,
1761,75.499959000,,
1762,75.500596000,,
1782,76.499959000,,
1783,76.500916000,,
1784,76.507486000,,
1804,77.499959000,,
1805,77.503072000,,
1823,78.499959000,,
1824,78.503192000,,
1844,79.499959000,,
1845,79.500636000,,
1846,79.507320000,,
1865,80.499959000,,
1866,80.500736000,,
1884,81.499959000,,
1885,81.504370000,,
1904,82.499959000,,
1905,82.503032000,,
1923,83.499959000,,
1924,83.500776000,,
1925,83.502606000,,
1943,84.499959000,,
1944,84.500696000,,
1962,85.499959000,,
1963,85.501975000,,
1982,86.499959000,,
1983,86.500816000,,
2003,87.499959000,,
2004,87.504470000,,
2005,87.508007000,,
2024,88.499959000,,
2025,88.501176000,,
2026,88.503146000,,
2044,89.499959000,,
2045,89.502932000,,
2064,90.499959000,,
2065,90.501995000,,
2083,91.499959000,,
2084,91.500716000,,
2103,92.499959000,,
2104,92.500796000,,
2105,92.504563000,,
2106,92.508920000,,
2107,92.516075000,,
2125,93.499959000,,
2126,93.500816000,,
2145,94.499959000,,
2146,94.500636000,,
2164,95.499959000,,
2165,95.501975000,,
2183,96.499959000,,
2184,96.504450000,,
2202,97.499959000,,
2203,97.500736000,,
2204,97.506184000,,
2223,98.499959000,,
2224,98.501356000,,
2244,99.499959000,,
2245,99.503452000,,
2264,100.499959000,,
2265,100.500816000,,
2266,100.501493000,,
2284,101.499959000,,
2285,101.501954000,,
2286,101.507187000,,
2304,102.499959000,,
2305,102.503152000,,
2324,103.499959000,,
2325,103.504310000,,
2343,104.499959000,,
2344,104.501096000,,
2362,105.499959000,,
2363,105.502354000,,
2364,105.504444000,,
2383,106.499959000,,
2384,106.500816000,,
2385,106.505701000,,
2404,107.499959000,,
2405,107.505607000,,
2423,108.499959000,,
2424,108.501894000,,
2442,109.499959000,,
2443,109.501276000,,
2444,109.504823000,,
2464,110.499959000,,
2465,110.504310000,,
2483,111.499959000,,
2484,111.500576000,,
2502,112.499959000,,
2503,112.500936000,,
2522,113.499959000,,
2523,113.500776000,,
2524,113.507364000,,
2542,114.499959000,,
2543,114.503252000,,
2544,114.505189000,,
2545,114.507646000,,
2564,115.499959000,,
2565,115.502475000,,
2584,116.499959000,,
2585,116.503172000,,
2586,116.503989000,,
2604,117.499959000,,
2605,117.500636000,,
2625,118.499959000,,
2626,118.500556000,,
2644,119.499959000,,
2645,119.503112000,,
2663,120.499959000,,
2664,120.501436000,,
2689,121.499959000,,
2690,121.502495000,,
5495,229.508904000,,
5519,230.499959000,,
5520,230.500696000,,
5545,231.499959000,,
5546,231.501176000,,
5547,231.505721000,,
5571,232.499959000,,
5572,232.501156000,,
5573,232.503406000,,
5595,233.499959000,,
5596,233.500596000,,
5618,234.499959000,,
5619,234.505409000,,
5645,235.499959000,,
5646,235.500616000,,
5671,236.499959000,,
5672,236.500716000,,
5695,237.499959000,,
5696,237.505347000,,
5719,238.499959000,,
5720,238.504090000,,
5744,239.499959000,,
5745,239.503532000,,
5746,239.505709000,,
5747,239.506486000,,
5772,240.499959000,,
5773,240.500816000,,
5796,241.499959000,,
5797,241.501036000,,
5819,242.499959000,,
5820,242.501396000,,
5821,242.502353000,,
5822,242.511575000,,
5854,243.499959000,,
5855,243.501866000,,
5907,244.499959000,,
5908,244.503607000,,
5931,245.362756000,,
5941,245.499959000,,
5942,245.505279000,,
5983,246.499959000,,
5984,246.501416000,,
6010,247.499959000,,
6011,247.502254000,,
6052,248.499959000,,
6053,248.500616000,,
6054,248.503723000,,
6055,248.508916000,,
6086,249.499959000,,
6087,249.504250000,,
6088,249.506587000,,
6130,250.499959000,,
6131,250.500836000,,
6157,251.499959000,,
6158,251.501955000,,
6199,252.499959000,,
6200,252.502832000,,
6231,253.499959000,,
6232,253.503212000,,
6273,254.499959000,,
6274,254.501556000,,
6275,254.507999000,,
6302,255.499959000,,
6303,255.503392000,,
6342,256.499959000,,
6343,256.501116000,,
6371,257.499959000,,
6372,257.503092000,,
6411,258.499959000,,
6412,258.500736000,,
6413,258.503283000,,
6441,259.499959000,,
6442,259.502754000,,
6443,259.504564000,,
6484,260.499959000,,
6485,260.503532000,,
6486,260.505049000,,
6515,261.499959000,,
6516,261.502734000,,
6517,261.507480000,,
6558,262.499959000,,
6559,262.501994000,,
6588,263.499959000,,
6589,263.503612000,,
6590,263.505429000,,
6591,263.506486000,,
6632,264.499959000,,
6633,264.503732000,,
6634,264.504449000,,
6664,265.499959000,,
6665,265.504130000,,
6705,266.499959000,,
6706,266.500836000,,
6707,266.504203000,,
6735,267.499959000,,
6736,267.503092000,,
6779,268.499959000,,
6780,268.503192000,,
6812,269.499959000,,
6813,269.504570000,,
6853,270.499959000,,
6854,270.503332000,,
6880,271.499959000,,
6881,271.503552000,,
6921,272.499959000,,
6922,272.503212000,,
6953,273.499959000,,
6954,273.503232000,,
6997,274.499959000,,
6998,274.504470000,,
7024,275.499959000,,
7025,275.501895000,,
7067,276.499959000,,
7068,276.505407000,,
7099,277.499959000,,
7100,277.501316000,,
7140,278.499959000,,
7141,278.503672000,,
7169,279.499959000,,
7170,279.504470000,,
7209,280.499959000,,
7210,280.501416000,,
7211,280.508239000,,
7241,281.499959000,,
7242,281.500636000,,
7243,281.503983000,,
7286,282.499959000,,
7287,282.504550000,,
7288,282.505649000,,
7315,283.499959000,,
7316,283.503512000,,
7317,283.504769000,,
7318,283.507366000,,
7358,284.499959000,,
7359,284.503312000,,
7360,284.508004000,,
7388,285.499959000,,
7389,285.500636000,,
7431,286.499959000,,
7432,286.503172000,,
7433,286.507944000,,
7462,287.499959000,,
7463,287.503332000,,
7502,288.499959000,,
7503,288.501156000,,
7504,288.507519000,,
7534,289.499959000,,
7535,289.500996000,,
7536,289.505150000,,
7577,290.499959000,,
7578,290.500616000,,
7579,290.507446000,,
7605,291.499959000,,
7606,291.500756000,,
7607,291.505387000,,
7648,292.499959000,,
7649,292.501356000,,
7680,293.499959000,,
7681,293.503372000,,
7721,294.499959000,,
7722,294.500796000,,
7723,294.502972000,,
7750,295.499959000,,
7751,295.504130000,,
7790,296.499959000,,
7791,296.501695000,,
7822,297.499959000,,
7823,297.500996000,,
7824,297.504863000,,
7866,298.499959000,,
7867,298.503672000,,
7868,298.506167000,,
7895,299.499959000,,
7896,299.500596000,,
7935,300.499959000,,
7936,300.503492000,,
7937,300.504629000,,
7969,301.362756000,,
7971,301.499959000,,
7972,301.500716000,,
8017,302.499959000,,
8018,302.500956000,,
8019,302.506564000,,
8047,303.499959000,,
8048,303.504450000,,
8088,304.499959000,,
8089,304.502214000,,
8117,305.499959000,,
8118,305.501696000,,
8119,305.506703000,,
8120,305.508200000,,
8159,306.499959000,,
8160,306.501895000,,
8188,307.499959000,,
8189,307.500736000,,
8230,308.499959000,,
8231,308.501376000,,
8260,309.499959000,,
8261,309.500936000,,
8300,310.499959000,,
8301,310.504150000,,
8327,311.499959000,,
8328,311.501954000,,
8329,311.504204000,,
8330,311.509159000,,
8372,312.499959000,,
8373,312.500956000,,
8374,312.504723000,,
8405,313.499959000,,
8406,313.501854000,,
8446,314.499959000,,
8447,314.501076000,,
8473,315.499959000,,
8474,315.501296000,,
8475,315.505703000,,
8476,315.510180000,,
8477,315.521413000,,
8518,316.499959000,,
8519,316.502554000,,
8520,316.508299000,,
8551,317.499959000,,
8552,317.501974000,,
8592,318.499959000,,
8593,318.500836000,,
8619,319.499959000,,
8620,319.500836000,,
8660,320.499959000,,
8661,320.502494000,,
8662,320.504984000,,
8693,321.499959000,,
8694,321.500736000,,
8695,321.504763000,,
8735,322.499959000,,
8736,322.500636000,,
8737,322.504263000,,
8763,323.499959000,,
8764,323.501136000,,
8805,324.499959000,,
8806,324.502074000,,
8807,324.504584000,,
8838,325.499959000,,
8839,325.500756000,,
8879,326.499959000,,
8880,326.500716000,,
8906,327.499959000,,
8907,327.503232000,,
8945,328.499959000,,
8946,328.500596000,,
8974,329.499959000,,
8975,329.502792000,,
9016,330.499959000,,
9017,330.504250000,,
9043,331.499959000,,
9044,331.505307000,,
9078,332.499959000,,
9079,332.500636000,,
9103,333.499959000,,
9104,333.500656000,,
9139,334.499959000,,
9140,334.502374000,,
9141,334.505504000,,
9164,335.499959000,,
9165,335.500796000,,
9201,336.499959000,,
9202,336.503572000,,
9228,337.499959000,,
9229,337.502852000,,
9264,338.499959000,,
9265,338.500976000,,
9266,338.505641000,,
9288,339.499959000,,
9289,339.501036000,,
9290,339.504283000,,
9326,340.499959000,,
9327,340.502314000,,
9328,340.505164000,,
9352,341.499959000,,
9353,341.503412000,,
9388,342.499959000,,
9389,342.500776000,,
9390,342.505283000,,
9391,342.511216000,,
9414,343.499959000,,
9415,343.501576000,,
9449,344.499959000,,
9450,344.500776000,,
9476,345.499959000,,
9477,345.500596000,,
9513,346.499959000,,
9514,346.505607000,,
9535,347.499959000,,
9536,347.502195000,,
9555,348.499959000,,
9556,348.500656000,,
9576,349.499959000,,
9577,349.503532000,,
9595,350.499959000,,
9596,350.503752000,,
9597,350.507324000,,
9616,351.499959000,,
9617,351.503472000,,
9635,352.499959000,,
9636,352.501795000,,
9654,353.499959000,,
9655,353.503632000,,
9656,353.507347000,,
9675,354.499959000,,
9676,354.500836000,,
9677,354.507479000,,
9695,355.499959000,,
9696,355.500736000,,
9697,355.507179000,,
9715,356.499959000,,
9716,356.504330000,,
9735,357.499959000,,
9736,357.502415000,,
9754,358.499959000,,
9755,358.502114000,,
9773,359.499959000,,
9774,359.501755000,,
9792,360.499959000,,
9793,360.502015000,,
9812,361.499959000,,
9813,361.502435000,,
9831,362.499959000,,
9832,362.501136000,,
9861,363.499959000,,
9862,363.500716000,,
9863,363.504123000,,
9884,364.499959000,,
9885,364.500976000,,
9908,365.499959000,,
9909,365.504590000,,
9927,366.499959000,,
9928,366.500996000,,
9948,367.499959000,,
9949,367.502094000,,
9970,368.499959000,,
9971,368.500576000,,
9989,369.499959000,,
9990,369.500676000,,
9991,369.506919000,,
10010,370.499959000,,
10011,370.500956000,,
10012,370.506321000,,
10031,371.499959000,,
10032,371.505527000,,
10051,372.499959000,,
10052,372.501316000,,
10053,372.504750000,,
10073,373.499959000,,
10074,373.500936000,,
10093,374.499959000,,
10094,374.501875000,,
10113,375.499959000,,
10114,375.500676000,,
10115,375.505961000,,
10134,376.499959000,,
10135,376.503672000,,
10136,376.506069000,,
10155,377.499959000,,
10156,377.500756000,,
10157,377.507565000,,
10176,378.499959000,,
10177,378.501096000,,
10178,378.507439000,,
10197,379.499959000,,
10198,379.503452000,,
10199,379.506907000,,
10218,380.499959000,,
10219,380.500796000,,
10220,380.504743000,,
10239,381.499959000,,
10240,381.500796000,,
10260,382.499959000,,
10261,382.505507000,,
10279,383.499959000,,
10280,383.502595000,,
10281,383.504464000,,
10299,384.499959000,,
10300,384.504610000,,
10318,385.499959000,,
10319,385.500816000,,
10320,385.504803000,,
10321,385.510276000,,
10341,386.499959000,,
10342,386.500716000,,
10360,387.499959000,,
10361,387.501156000,,
10381,388.499959000,,
10382,388.503412000,,
10383,388.506167000,,
10402,389.499959000,,
10403,389.503990000,,
10421,390.499959000,,
10422,390.502154000,,
10442,391.499959000,,
10443,391.501894000,,
10444,391.506460000,,
10464,392.499959000,,
10465,392.503432000,,
10484,393.499959000,,
10485,393.502154000,,
10486,393.505304000,,
10487,393.510536000,,
10506,394.499959000,,
10507,394.500776000,,
10508,394.501853000,,
10527,395.499959000,,
10528,395.503492000,,
10546,396.499959000,,
10547,396.500616000,,
10567,397.499959000,,
10568,397.501995000,,
10587,398.499959000,,
10588,398.505547000,,
10606,399.499959000,,
10607,399.503612000,,
10625,400.499959000,,
10626,400.501716000,,
10627,400.503246000,,
10645,401.499959000,,
10646,401.501116000,,
10647,401.504203000,,
10665,402.499959000,,
10666,402.501954000,,
10667,402.504004000,,
10686,403.499959000,,
10687,403.501994000,,
10706,404.499959000,,
10707,404.500596000,,
10725,405.499959000,,
10726,405.502094000,,
10744,406.499959000,,
10745,406.500676000,,
10746,406.501873000,,
10764,407.499959000,,
10765,407.500856000,,
10785,408.499959000,,
10786,408.501775000,,
10806,409.499959000,,
10807,409.501954000,,
10808,409.505044000,,
10809,409.512176000,,
10828,410.499959000,,
10829,410.504430000,,
10849,411.499959000,,
10850,411.502672000,,
10868,412.499959000,,
10869,412.500676000,,
10887,413.499959000,,
10888,413.502852000,,
10908,414.499959000,,
10909,414.501216000,,
10910,414.504703000,,
10928,415.499959000,,
10929,415.502294000,,
10948,416.499959000,,
10949,416.503472000,,
10950,416.504369000,,
10969,417.499959000,,
10970,417.500756000,,
10989,418.499959000,,
10990,418.501316000,,
10991,418.504863000,,
10992,418.505860000,,
11010,419.499959000,,
11011,419.500816000,,
11012,419.507620000,,
11031,420.499959000,,
11032,420.503312000,,
11054,421.502564000,,
11073,422.499959000,,
11074,422.502832000,,
11093,423.499959000,,
11094,423.501614000,,
11113,424.499959000,,
11114,424.501815000,,
11134,425.499959000,,
11135,425.501056000,,
11136,425.505803000,,
11137,425.507560000,,
11155,426.499959000,,
11156,426.503232000,,
11174,427.499959000,,
11175,427.503312000,,
11176,427.507724000,,
11195,428.499959000,,
11196,428.503552000,,
11215,429.499959000,,
11216,429.501994000,,
11236,430.499959000,,
11237,430.500736000,,
11256,431.499959000,,
11257,431.500756000,,
11277,432.499959000,,
11278,432.503552000,,
11297,433.499959000,,
11298,433.500756000,,
11317,434.499959000,,
11318,434.500656000,,
11319,434.503543000,,
11338,435.499959000,,
11339,435.501236000,,
11340,435.505607000,,
11358,436.499959000,,
11359,436.501675000,,
11377,437.499959000,,
11378,437.501754000,,
11396,438.499959000,,
11397,438.502334000,,
11416,439.499959000,,
11417,439.501056000,,
11437,440.499959000,,
11438,440.501016000,,
11458,441.499959000,,
11459,441.503132000,,
11478,442.499959000,,
11479,442.505387000,,
11498,443.499959000,,
11499,443.500736000,,
11518,444.499959000,,
11519,444.500696000,,
11539,445.499959000,,
11540,445.502274000,,
11558,446.499959000,,
11559,446.504430000,,
11560,446.507609000,,
11580,447.499959000,,
11581,447.504430000,,
11599,448.499959000,,
11600,448.503452000,,
11619,449.499959000,,
11620,449.500856000,,
11638,450.499959000,,
11639,450.504470000,,
11658,451.499959000,,
11659,451.503592000,,
11660,451.507864000,,
11683,452.499959000,,
11684,452.503652000,,
11685,452.506964000,,
11703,453.499959000,,
11704,453.501734000,,
11705,453.503072000,,
11706,453.504329000,,
11724,454.499959000,,
11725,454.501196000,,
11726,454.505523000,,
11745,455.499959000,,
11746,455.503052000,,
11765,456.499959000,,
11766,456.503172000,,
11784,457.499959000,,
11785,457.503312000,,
11804,458.499959000,,
11805,458.500756000,,
11823,459.499959000,,
11824,459.503312000,,
11845,460.499959000,,
11846,460.502912000,,
11847,460.503729000,,
11867,461.499959000,,
11868,461.500776000,,
11887,462.499959000,,
11888,462.502335000,,
11907,463.499959000,,
11908,463.503212000,,
11927,464.499959000,,
11928,464.500656000,,
11946,465.499959000,,
11947,465.504390000,,
11965,466.499959000,,
11966,466.501814000,,
11984,467.499959000,,
11985,467.503472000,,
11986,467.508324000,,
12007,468.499959000,,
12008,468.501216000,,
12009,468.507839000,,
12028,469.499959000,,
12029,469.501136000,,
12049,470.499959000,,
12050,470.505469000,,
12069,471.499959000,,
12070,471.501336000,,
12088,472.499959000,,
12089,472.501436000,,
12090,472.505921000,,
12108,473.499959000,,
12109,473.500776000,,
12128,474.499959000,,
12129,474.503292000,,
12148,475.499959000,,
12149,475.502134000,,
12150,475.507919000,,
12168,476.499959000,,
12169,476.501436000,,
12188,477.499959000,,
12189,477.500696000,,
12207,478.499959000,,
12208,478.501216000,,
12209,478.502033000,,
12228,479.499959000,,
12229,479.503292000,,
12247,480.499959000,,
12248,480.501036000,,
12249,480.503266000,,
12250,480.510772000,,
12268,481.499959000,,
12269,481.500696000,,
12287,482.499959000,,
12288,482.502234000,,
12307,483.499959000,,
12308,483.504530000,,
12337,484.499959000,,
12338,484.501216000,,
12339,484.505463000,,
12368,485.484860000,,
12370,485.499959000,,
12371,485.503152000,,
12389,485.955504000,,
12418,486.455922000,,
12428,486.499959000,,
12429,486.503132000,,
12459,487.499959000,,
12460,487.503512000,,
12492,488.499959000,,
12493,488.503172000,,
12525,489.499959000,,
12526,489.505429000,,
12561,490.499959000,,
12562,490.500796000,,
12593,491.499959000,,
12594,491.500776000,,
12624,492.499959000,,
12625,492.500856000,,
12657,493.499959000,,
12658,493.500616000,,
12692,494.499959000,,
12693,494.500816000,,
12726,495.499959000,,
12727,495.500716000,,
12757,496.499959000,,
12758,496.500596000,,
